[16/Sep/2026 18:24:12] "GET /api/notifications/summary/ HTTP/1.1" 200 2249
[16/Sep/2026 18:24:26] "GET /api/auth/me/ HTTP/1.1" 200 298
[16/Sep/2026 18:24:26] "GET /api/notifications/summary/ HTTP/1.1" 200 2249
[16/Sep/2026 18:24:27] "GET /api/bookings/?page_size=500 HTTP/1.1" 200 32625
[16/Sep/2026 18:24:27] "GET /api/sales-targets/ HTTP/1.1" 200 957
[16/Sep/2026 18:24:27] "GET /api/photographers/?page_size=500 HTTP/1.1" 200 18896
[16/Sep/2026 18:24:35] "GET /api/events/?page_size=5000&ordering=start_date,start_time,id HTTP/1.1" 200 999676
[16/Sep/2026 18:24:39] "GET /api/leads/?page_size=500&ordering=-created_at HTTP/1.1" 200 76940
[16/Sep/2026 18:24:57] "GET /api/notifications/summary/ HTTP/1.1" 200 2249
[16/Sep/2026 18:25:28] "GET /api/notifications/summary/ HTTP/1.1" 200 2249
[16/Sep/2026 18:25:30] "GET /api/notifications/summary/ HTTP/1.1" 200 2249
[16/Sep/2026 18:25:58] "GET /api/notifications/summary/ HTTP/1.1" 200 2249
[16/Sep/2026 18:25:59] "GET /api/auth/me/ HTTP/1.1" 200 298
[16/Sep/2026 18:25:59] "GET /api/notifications/summary/ HTTP/1.1" 200 2249
[16/Sep/2026 18:25:59] "GET /api/sales-targets/ HTTP/1.1" 200 957
[16/Sep/2026 18:25:59] "GET /api/bookings/?page_size=500 HTTP/1.1" 200 32625
[16/Sep/2026 18:26:00] "GET /api/photographers/?page_size=500 HTTP/1.1" 200 18896
[16/Sep/2026 18:26:13] "GET /api/events/?page_size=5000&ordering=start_date,start_time,id HTTP/1.1" 200 999676
[16/Sep/2026 18:26:13] "GET /api/leads/?page_size=500&ordering=-created_at HTTP/1.1" 200 76940
[16/Sep/2026 18:26:17] "GET /api/production/editors/ HTTP/1.1" 200 676
[16/Sep/2026 18:26:18] "GET /api/customers/?page_size=500 HTTP/1.1" 200 42838
[16/Sep/2026 18:26:19] "GET /api/production/editors/ HTTP/1.1" 200 676
[16/Sep/2026 18:26:19] "GET /api/production/activity-history/ HTTP/1.1" 200 7567
[16/Sep/2026 18:26:26] "GET /api/production/?page_size=200&ordering=due_date,id HTTP/1.1" 200 23601
[16/Sep/2026 18:26:29] "GET /api/notifications/summary/ HTTP/1.1" 200 2249
[16/Sep/2026 18:26:30] "GET /api/notifications/summary/ HTTP/1.1" 200 2249
[16/Sep/2026 18:27:00] "GET /api/notifications/summary/ HTTP/1.1" 200 2249
[16/Sep/2026 18:27:01] "GET /api/notifications/summary/ HTTP/1.1" 200 2249
[16/Sep/2026 18:27:31] "GET /api/notifications/summary/ HTTP/1.1" 200 2249
[16/Sep/2026 18:28:02] "GET /api/notifications/summary/ HTTP/1.1" 200 2249
[16/Sep/2026 18:28:33] "GET /api/notifications/summary/ HTTP/1.1" 200 2249
Unauthorized: /api/notifications/summary/
[16/Sep/2026 19:04:01] "GET /api/notifications/summary/ HTTP/1.1" 401 172
[16/Sep/2026 19:04:02] "POST /api/auth/refresh/ HTTP/1.1" 200 625
[16/Sep/2026 19:04:03] "GET /api/auth/me/ HTTP/1.1" 200 298
[16/Sep/2026 19:04:03] "GET /api/notifications/summary/ HTTP/1.1" 200 2249
[16/Sep/2026 19:04:18] "GET /api/leads/?page_size=500&ordering=-created_at HTTP/1.1" 200 76940
[16/Sep/2026 19:05:14] "OPTIONS /api/notifications/summary/ HTTP/1.1" 200 0
[16/Sep/2026 19:05:14] "OPTIONS /api/leads/?page_size=500&ordering=-created_at HTTP/1.1" 200 0
Unauthorized: /api/notifications/summary/
[16/Sep/2026 19:05:14] "OPTIONS /api/bookings/?page_size=500 HTTP/1.1" 200 0
Unauthorized: /api/leads/
[16/Sep/2026 19:05:14] "OPTIONS /api/auth/me/ HTTP/1.1" 200 0
Unauthorized: /api/auth/me/
[16/Sep/2026 19:05:14] "OPTIONS /api/sales-targets/ HTTP/1.1" 200 0
Unauthorized: /api/bookings/
[16/Sep/2026 19:05:14] "GET /api/notifications/summary/ HTTP/1.1" 401 172
Unauthorized: /api/sales-targets/
[16/Sep/2026 19:05:14] "GET /api/leads/?page_size=500&ordering=-created_at HTTP/1.1" 401 172
[16/Sep/2026 19:05:14] "GET /api/auth/me/ HTTP/1.1" 401 172
[16/Sep/2026 19:05:14] "GET /api/bookings/?page_size=500 HTTP/1.1" 401 172
[16/Sep/2026 19:05:14] "OPTIONS /api/photographers/?page_size=500 HTTP/1.1" 200 0
Unauthorized: /api/photographers/
[16/Sep/2026 19:05:14] "GET /api/sales-targets/ HTTP/1.1" 401 172
[16/Sep/2026 19:05:14] "OPTIONS /api/events/?page_size=5000&ordering=start_date,start_time,id HTTP/1.1" 200 0
[16/Sep/2026 19:05:14] "OPTIONS /api/auth/refresh/ HTTP/1.1" 200 0
Unauthorized: /api/events/
[16/Sep/2026 19:05:14] "GET /api/photographers/?page_size=500 HTTP/1.1" 401 172
[16/Sep/2026 19:05:14] "GET /api/events/?page_size=5000&ordering=start_date,start_time,id HTTP/1.1" 401 172
Unauthorized: /api/auth/refresh/
[16/Sep/2026 19:05:15] "POST /api/auth/refresh/ HTTP/1.1" 401 58
[16/Sep/2026 19:05:17] "OPTIONS /api/auth/login/ HTTP/1.1" 200 0
Unauthorized: /api/auth/login/
[16/Sep/2026 19:05:19] "POST /api/auth/login/ HTTP/1.1" 401 44
[16/Sep/2026 19:05:35] "POST /api/auth/login/ HTTP/1.1" 200 931
[16/Sep/2026 19:05:36] "GET /api/auth/me/ HTTP/1.1" 200 298
[16/Sep/2026 19:05:36] "GET /api/notifications/summary/ HTTP/1.1" 200 2249
[16/Sep/2026 19:05:36] "GET /api/photographers/?page_size=500 HTTP/1.1" 200 18896
[16/Sep/2026 19:05:44] "GET /api/events/?page_size=5000&ordering=start_date,start_time,id HTTP/1.1" 200 999676
[16/Sep/2026 19:05:48] "GET /api/leads/?page_size=500&ordering=-created_at HTTP/1.1" 200 76940
[16/Sep/2026 19:06:04] "GET /api/notifications/summary/ HTTP/1.1" 200 2249
[16/Sep/2026 19:06:06] "GET /api/auth/me/ HTTP/1.1" 200 298
[16/Sep/2026 19:06:06] "GET /api/notifications/summary/ HTTP/1.1" 200 2249
[16/Sep/2026 19:06:06] "GET /api/sales-targets/ HTTP/1.1" 200 957
[16/Sep/2026 19:06:06] "GET /api/bookings/?page_size=500 HTTP/1.1" 200 32625
[16/Sep/2026 19:06:06] "GET /api/notifications/summary/ HTTP/1.1" 200 2249
[16/Sep/2026 19:06:07] "GET /api/photographers/?page_size=500 HTTP/1.1" 200 18896
[16/Sep/2026 19:06:15] "GET /api/events/?page_size=5000&ordering=start_date,start_time,id HTTP/1.1" 200 999676
[16/Sep/2026 19:06:19] "GET /api/leads/?page_size=500&ordering=-created_at HTTP/1.1" 200 76940
[16/Sep/2026 19:06:30] "OPTIONS /api/auth/login/ HTTP/1.1" 200 0
[16/Sep/2026 19:06:32] "POST /api/auth/login/ HTTP/1.1" 200 931
[16/Sep/2026 19:06:32] "OPTIONS /api/auth/me/ HTTP/1.1" 200 0
[16/Sep/2026 19:06:32] "OPTIONS /api/sales-targets/ HTTP/1.1" 200 0
[16/Sep/2026 19:06:32] "OPTIONS /api/leads/?page_size=500&ordering=-created_at HTTP/1.1" 200 0
[16/Sep/2026 19:06:32] "OPTIONS /api/bookings/?page_size=500 HTTP/1.1" 200 0
[16/Sep/2026 19:06:32] "OPTIONS /api/notifications/summary/ HTTP/1.1" 200 0
[16/Sep/2026 19:06:32] "OPTIONS /api/events/?page_size=5000&ordering=start_date,start_time,id HTTP/1.1" 200 0
[16/Sep/2026 19:06:32] "OPTIONS /api/photographers/?page_size=500 HTTP/1.1" 200 0
[16/Sep/2026 19:06:33] "GET /api/auth/me/ HTTP/1.1" 200 298
[16/Sep/2026 19:06:33] "GET /api/notifications/summary/ HTTP/1.1" 200 2249
[16/Sep/2026 19:06:33] "GET /api/sales-targets/ HTTP/1.1" 200 957
[16/Sep/2026 19:06:33] "GET /api/bookings/?page_size=500 HTTP/1.1" 200 32625
[16/Sep/2026 19:06:34] "GET /api/photographers/?page_size=500 HTTP/1.1" 200 18896
[16/Sep/2026 19:06:37] "GET /api/notifications/summary/ HTTP/1.1" 200 2249
[16/Sep/2026 19:06:42] "GET /api/events/?page_size=5000&ordering=start_date,start_time,id HTTP/1.1" 200 999676
[16/Sep/2026 19:06:44] "GET /api/leads/?page_size=500&ordering=-created_at HTTP/1.1" 200 76940
[16/Sep/2026 19:07:08] "GET /api/notifications/summary/ HTTP/1.1" 200 2249
[16/Sep/2026 19:07:33] "GET /api/notifications/summary/ HTTP/1.1" 200 2249
[16/Sep/2026 19:07:38] "GET /api/notifications/summary/ HTTP/1.1" 200 2249
[16/Sep/2026 19:08:09] "GET /api/notifications/summary/ HTTP/1.1" 200 2249
[16/Sep/2026 19:08:40] "GET /api/notifications/summary/ HTTP/1.1" 200 2249
[16/Sep/2026 19:09:11] "GET /api/notifications/summary/ HTTP/1.1" 200 2249
[16/Sep/2026 19:09:41] "GET /api/notifications/summary/ HTTP/1.1" 200 2249
[16/Sep/2026 19:10:12] "GET /api/notifications/summary/ HTTP/1.1" 200 2249
[16/Sep/2026 19:10:43] "GET /api/notifications/summary/ HTTP/1.1" 200 2249
[16/Sep/2026 19:11:13] "GET /api/notifications/summary/ HTTP/1.1" 200 2249
[16/Sep/2026 19:11:44] "GET /api/notifications/summary/ HTTP/1.1" 200 2249
[16/Sep/2026 19:12:15] "GET /api/notifications/summary/ HTTP/1.1" 200 2249
[16/Sep/2026 19:12:45] "GET /api/notifications/summary/ HTTP/1.1" 200 2249
[16/Sep/2026 19:13:16] "GET /api/notifications/summary/ HTTP/1.1" 200 2249
[16/Sep/2026 19:13:43] "GET /api/auth/me/ HTTP/1.1" 200 298
[16/Sep/2026 19:13:43] "GET /api/notifications/summary/ HTTP/1.1" 200 2249
[16/Sep/2026 19:13:43] "GET /api/bookings/?page_size=500 HTTP/1.1" 200 32625
[16/Sep/2026 19:13:43] "GET /api/sales-targets/ HTTP/1.1" 200 957
[16/Sep/2026 19:13:43] "GET /api/auth/me/ HTTP/1.1" 200 298
[16/Sep/2026 19:13:43] "GET /api/notifications/summary/ HTTP/1.1" 200 2249
[16/Sep/2026 19:13:43] "GET /api/bookings/?page_size=500 HTTP/1.1" 200 32625
[16/Sep/2026 19:13:44] "GET /api/sales-targets/ HTTP/1.1" 200 957
[16/Sep/2026 19:13:44] "GET /api/photographers/?page_size=500 HTTP/1.1" 200 18896
[16/Sep/2026 19:13:44] "GET /api/auth/me/ HTTP/1.1" 200 298
[16/Sep/2026 19:13:44] "GET /api/photographers/?page_size=500 HTTP/1.1" 200 18896
[16/Sep/2026 19:13:44] "GET /api/notifications/summary/ HTTP/1.1" 200 2249
[16/Sep/2026 19:13:44] "GET /api/bookings/?page_size=500 HTTP/1.1" 200 32625
[16/Sep/2026 19:13:45] "GET /api/sales-targets/ HTTP/1.1" 200 957
[16/Sep/2026 19:13:45] "GET /api/photographers/?page_size=500 HTTP/1.1" 200 18896
[16/Sep/2026 19:13:52] "GET /api/events/?page_size=5000&ordering=start_date,start_time,id HTTP/1.1" 200 999676
[16/Sep/2026 19:13:54] "GET /api/events/?page_size=5000&ordering=start_date,start_time,id HTTP/1.1" 200 999676
[16/Sep/2026 19:13:57] "GET /api/leads/?page_size=500&ordering=-created_at HTTP/1.1" 200 76940
[16/Sep/2026 19:13:57] "GET /api/leads/?page_size=500&ordering=-created_at HTTP/1.1" 200 76940
[16/Sep/2026 19:14:06] "GET /api/events/?page_size=5000&ordering=start_date,start_time,id HTTP/1.1" 200 999676
[16/Sep/2026 19:14:12] "GET /api/leads/?page_size=500&ordering=-created_at HTTP/1.1" 200 76940
[16/Sep/2026 19:14:14] "GET /api/notifications/summary/ HTTP/1.1" 200 2249
[16/Sep/2026 19:14:44] "GET /api/notifications/summary/ HTTP/1.1" 200 2249
[16/Sep/2026 19:14:57] "GET /api/auth/me/ HTTP/1.1" 200 298
[16/Sep/2026 19:14:57] "GET /api/notifications/summary/ HTTP/1.1" 200 2249
[16/Sep/2026 19:14:57] "GET /api/sales-targets/ HTTP/1.1" 200 957
[16/Sep/2026 19:14:57] "GET /api/bookings/?page_size=500 HTTP/1.1" 200 32625
[16/Sep/2026 19:14:57] "GET /api/photographers/?page_size=500 HTTP/1.1" 200 18896
[16/Sep/2026 19:15:09] "GET /api/events/?page_size=5000&ordering=start_date,start_time,id HTTP/1.1" 200 999676
[16/Sep/2026 19:15:09] "GET /api/leads/?page_size=500&ordering=-created_at HTTP/1.1" 200 76940
[16/Sep/2026 19:15:15] "GET /api/notifications/summary/ HTTP/1.1" 200 2249
[16/Sep/2026 19:15:27] "GET /api/notifications/summary/ HTTP/1.1" 200 2249
[16/Sep/2026 19:15:41] "GET /api/auth/me/ HTTP/1.1" 200 298
[16/Sep/2026 19:15:41] "GET /api/notifications/summary/ HTTP/1.1" 200 2249
[16/Sep/2026 19:15:41] "GET /api/sales-targets/ HTTP/1.1" 200 957
[16/Sep/2026 19:15:41] "GET /api/bookings/?page_size=500 HTTP/1.1" 200 32625
[16/Sep/2026 19:15:42] "GET /api/photographers/?page_size=500 HTTP/1.1" 200 18896
[16/Sep/2026 19:15:46] "GET /api/notifications/summary/ HTTP/1.1" 200 2249
[16/Sep/2026 19:15:49] "GET /api/events/?page_size=5000&ordering=start_date,start_time,id HTTP/1.1" 200 999676
[16/Sep/2026 19:15:53] "GET /api/leads/?page_size=500&ordering=-created_at HTTP/1.1" 200 76940
[16/Sep/2026 19:15:58] "GET /api/notifications/summary/ HTTP/1.1" 200 2249
[16/Sep/2026 19:16:12] "GET /api/notifications/summary/ HTTP/1.1" 200 2249
[16/Sep/2026 19:16:16] "GET /api/notifications/summary/ HTTP/1.1" 200 2249
[16/Sep/2026 19:16:17] "GET /api/auth/me/ HTTP/1.1" 200 298
[16/Sep/2026 19:16:17] "GET /api/notifications/summary/ HTTP/1.1" 200 2249
[16/Sep/2026 19:16:17] "GET /api/sales-targets/ HTTP/1.1" 200 957
[16/Sep/2026 19:16:17] "GET /api/bookings/?page_size=500 HTTP/1.1" 200 32625
[16/Sep/2026 19:16:18] "GET /api/photographers/?page_size=500 HTTP/1.1" 200 18896
[16/Sep/2026 19:16:26] "GET /api/events/?page_size=5000&ordering=start_date,start_time,id HTTP/1.1" 200 999676
[16/Sep/2026 19:16:29] "GET /api/leads/?page_size=500&ordering=-created_at HTTP/1.1" 200 76940
[16/Sep/2026 19:16:29] "GET /api/notifications/summary/ HTTP/1.1" 200 2249
[16/Sep/2026 19:16:42] "GET /api/notifications/summary/ HTTP/1.1" 200 2249
[16/Sep/2026 19:16:47] "GET /api/notifications/summary/ HTTP/1.1" 200 2249
[16/Sep/2026 19:16:48] "GET /api/notifications/summary/ HTTP/1.1" 200 2249
[16/Sep/2026 19:16:59] "GET /api/notifications/summary/ HTTP/1.1" 200 2249
[16/Sep/2026 19:17:01] "GET /api/auth/me/ HTTP/1.1" 200 298
[16/Sep/2026 19:17:01] "GET /api/notifications/summary/ HTTP/1.1" 200 2249
[16/Sep/2026 19:17:01] "GET /api/sales-targets/ HTTP/1.1" 200 957
[16/Sep/2026 19:17:01] "GET /api/bookings/?page_size=500 HTTP/1.1" 200 32625
[16/Sep/2026 19:17:02] "GET /api/photographers/?page_size=500 HTTP/1.1" 200 18896
[16/Sep/2026 19:17:10] "GET /api/events/?page_size=5000&ordering=start_date,start_time,id HTTP/1.1" 200 999676
[16/Sep/2026 19:17:13] "GET /api/notifications/summary/ HTTP/1.1" 200 2249
[16/Sep/2026 19:17:13] "GET /api/leads/?page_size=500&ordering=-created_at HTTP/1.1" 200 76940
[16/Sep/2026 19:17:18] "GET /api/notifications/summary/ HTTP/1.1" 200 2249
[16/Sep/2026 19:17:18] "GET /api/notifications/summary/ HTTP/1.1" 200 2249
[16/Sep/2026 19:17:30] "GET /api/notifications/summary/ HTTP/1.1" 200 2249
[16/Sep/2026 19:17:32] "GET /api/notifications/summary/ HTTP/1.1" 200 2249
[16/Sep/2026 19:17:34] "GET /api/auth/me/ HTTP/1.1" 200 298
[16/Sep/2026 19:17:34] "GET /api/sales-targets/ HTTP/1.1" 200 957
[16/Sep/2026 19:17:34] "GET /api/notifications/summary/ HTTP/1.1" 200 2249
[16/Sep/2026 19:17:34] "GET /api/bookings/?page_size=500 HTTP/1.1" 200 32625
[16/Sep/2026 19:17:34] "GET /api/photographers/?page_size=500 HTTP/1.1" 200 18896
[16/Sep/2026 19:17:43] "GET /api/events/?page_size=5000&ordering=start_date,start_time,id HTTP/1.1" 200 999676
[16/Sep/2026 19:17:44] "GET /api/notifications/summary/ HTTP/1.1" 200 2249
[16/Sep/2026 19:17:46] "GET /api/leads/?page_size=500&ordering=-created_at HTTP/1.1" 200 76940
[16/Sep/2026 19:17:48] "GET /api/notifications/summary/ HTTP/1.1" 200 2249
[16/Sep/2026 19:17:49,274] - Broken pipe from ('127.0.0.1', 56837)
[16/Sep/2026 19:18:03] "GET /api/notifications/summary/ HTTP/1.1" 200 2249
[16/Sep/2026 19:18:19] "GET /api/notifications/summary/ HTTP/1.1" 200 2249
[16/Sep/2026 19:18:49] "GET /api/notifications/summary/ HTTP/1.1" 200 2249
[16/Sep/2026 19:19:20] "GET /api/notifications/summary/ HTTP/1.1" 200 2249
[16/Sep/2026 19:19:51] "GET /api/notifications/summary/ HTTP/1.1" 200 2249
[16/Sep/2026 19:20:21] "GET /api/notifications/summary/ HTTP/1.1" 200 2249
Unauthorized: /api/notifications/summary/
[16/Sep/2026 19:20:51] "GET /api/notifications/summary/ HTTP/1.1" 401 172
[16/Sep/2026 19:20:53] "POST /api/auth/refresh/ HTTP/1.1" 200 625
[16/Sep/2026 19:20:53] "GET /api/auth/me/ HTTP/1.1" 200 298
[16/Sep/2026 19:20:53] "GET /api/notifications/summary/ HTTP/1.1" 200 2249
[16/Sep/2026 19:21:05] "GET /api/leads/?page_size=500&ordering=-created_at HTTP/1.1" 200 76940
[16/Sep/2026 19:21:24] "GET /api/notifications/summary/ HTTP/1.1" 200 2249
[16/Sep/2026 19:21:55] "GET /api/notifications/summary/ HTTP/1.1" 200 2249
[16/Sep/2026 19:22:25] "GET /api/notifications/summary/ HTTP/1.1" 200 2249
[16/Sep/2026 19:22:56] "GET /api/notifications/summary/ HTTP/1.1" 200 2249
[16/Sep/2026 19:23:26] "GET /api/notifications/summary/ HTTP/1.1" 200 2249
[16/Sep/2026 19:23:57] "GET /api/notifications/summary/ HTTP/1.1" 200 2249
[16/Sep/2026 19:24:28] "GET /api/notifications/summary/ HTTP/1.1" 200 2249
[16/Sep/2026 19:24:59] "GET /api/notifications/summary/ HTTP/1.1" 200 2249
[16/Sep/2026 19:25:29] "GET /api/notifications/summary/ HTTP/1.1" 200 2249
[16/Sep/2026 19:26:00] "GET /api/notifications/summary/ HTTP/1.1" 200 2249
[16/Sep/2026 19:26:31] "GET /api/notifications/summary/ HTTP/1.1" 200 2249
[16/Sep/2026 19:27:01] "GET /api/notifications/summary/ HTTP/1.1" 200 2249
[16/Sep/2026 19:27:32] "GET /api/notifications/summary/ HTTP/1.1" 200 2249
[16/Sep/2026 19:28:03] "GET /api/notifications/summary/ HTTP/1.1" 200 2249
[16/Sep/2026 19:28:33] "GET /api/notifications/summary/ HTTP/1.1" 200 2249
[16/Sep/2026 19:29:04] "GET /api/notifications/summary/ HTTP/1.1" 200 2249
[16/Sep/2026 19:29:35] "GET /api/notifications/summary/ HTTP/1.1" 200 2249
[16/Sep/2026 19:30:06] "GET /api/notifications/summary/ HTTP/1.1" 200 2249
[16/Sep/2026 19:30:36] "GET /api/notifications/summary/ HTTP/1.1" 200 2249
Unauthorized: /api/notifications/summary/
[16/Sep/2026 19:30:57] "GET /api/notifications/summary/ HTTP/1.1" 401 172
[16/Sep/2026 19:30:57] "OPTIONS /api/auth/refresh/ HTTP/1.1" 200 0
[16/Sep/2026 19:30:58] "POST /api/auth/refresh/ HTTP/1.1" 200 625
[16/Sep/2026 19:30:59] "GET /api/notifications/summary/ HTTP/1.1" 200 2249
[16/Sep/2026 19:31:00] "GET /api/auth/me/ HTTP/1.1" 200 298
[16/Sep/2026 19:31:07] "GET /api/notifications/summary/ HTTP/1.1" 200 2249
[16/Sep/2026 19:31:13] "GET /api/leads/?page_size=500&ordering=-created_at HTTP/1.1" 200 76940
[16/Sep/2026 19:31:38] "GET /api/notifications/summary/ HTTP/1.1" 200 2249
[16/Sep/2026 19:32:08] "GET /api/notifications/summary/ HTTP/1.1" 200 2249
[16/Sep/2026 19:32:39] "GET /api/notifications/summary/ HTTP/1.1" 200 2249
[16/Sep/2026 19:33:10] "GET /api/notifications/summary/ HTTP/1.1" 200 2249
[16/Sep/2026 19:33:41] "GET /api/notifications/summary/ HTTP/1.1" 200 2249
[16/Sep/2026 19:34:11] "GET /api/notifications/summary/ HTTP/1.1" 200 2249
[16/Sep/2026 19:34:42] "GET /api/notifications/summary/ HTTP/1.1" 200 2249
[16/Sep/2026 19:35:13] "GET /api/notifications/summary/ HTTP/1.1" 200 2249
[16/Sep/2026 19:35:43] "GET /api/notifications/summary/ HTTP/1.1" 200 2249
Unauthorized: /api/notifications/summary/
[16/Sep/2026 19:36:13] "GET /api/notifications/summary/ HTTP/1.1" 401 172
[16/Sep/2026 19:36:14] "POST /api/auth/refresh/ HTTP/1.1" 200 625
[16/Sep/2026 19:36:15] "GET /api/auth/me/ HTTP/1.1" 200 298
[16/Sep/2026 19:36:15] "GET /api/notifications/summary/ HTTP/1.1" 200 2249
[16/Sep/2026 19:36:27] "GET /api/leads/?page_size=500&ordering=-created_at HTTP/1.1" 200 76940
[16/Sep/2026 19:36:46] "GET /api/notifications/summary/ HTTP/1.1" 200 2249
[16/Sep/2026 19:37:16] "GET /api/notifications/summary/ HTTP/1.1" 200 2249
[16/Sep/2026 19:37:47] "GET /api/notifications/summary/ HTTP/1.1" 200 2249
[16/Sep/2026 19:38:18] "GET /api/notifications/summary/ HTTP/1.1" 200 2249
[16/Sep/2026 19:38:48] "GET /api/notifications/summary/ HTTP/1.1" 200 2249
[16/Sep/2026 19:39:19] "GET /api/notifications/summary/ HTTP/1.1" 200 2249
[16/Sep/2026 19:39:50] "GET /api/notifications/summary/ HTTP/1.1" 200 2249
[16/Sep/2026 19:40:20] "GET /api/notifications/summary/ HTTP/1.1" 200 2249
[16/Sep/2026 19:40:51] "GET /api/notifications/summary/ HTTP/1.1" 200 2249
[16/Sep/2026 19:41:22] "GET /api/notifications/summary/ HTTP/1.1" 200 2249
[16/Sep/2026 19:41:52] "GET /api/notifications/summary/ HTTP/1.1" 200 2249
[16/Sep/2026 19:42:23] "GET /api/notifications/summary/ HTTP/1.1" 200 2249
[16/Sep/2026 19:42:54] "GET /api/notifications/summary/ HTTP/1.1" 200 2249
[16/Sep/2026 19:43:25] "GET /api/notifications/summary/ HTTP/1.1" 200 2249
[16/Sep/2026 19:43:55] "GET /api/notifications/summary/ HTTP/1.1" 200 2249
[16/Sep/2026 19:44:26] "GET /api/notifications/summary/ HTTP/1.1" 200 2249
[16/Sep/2026 19:44:57] "GET /api/notifications/summary/ HTTP/1.1" 200 2249
[16/Sep/2026 19:45:17] "GET /api/notifications/summary/ HTTP/1.1" 200 2249
[16/Sep/2026 19:45:27] "GET /api/notifications/summary/ HTTP/1.1" 200 2249
[16/Sep/2026 19:45:58] "GET /api/notifications/summary/ HTTP/1.1" 200 2249
[16/Sep/2026 19:46:28] "GET /api/notifications/summary/ HTTP/1.1" 200 2249
[16/Sep/2026 19:46:59] "GET /api/notifications/summary/ HTTP/1.1" 200 2249
[16/Sep/2026 19:47:37] "GET /api/auth/me/ HTTP/1.1" 200 298
[16/Sep/2026 19:47:37] "GET /api/sales-targets/ HTTP/1.1" 200 957
[16/Sep/2026 19:47:37] "GET /api/notifications/summary/ HTTP/1.1" 200 2249
[16/Sep/2026 19:47:37] "GET /api/bookings/?page_size=500 HTTP/1.1" 200 32625
[16/Sep/2026 19:47:37] "GET /api/photographers/?page_size=500 HTTP/1.1" 200 18896
[16/Sep/2026 19:47:45] "GET /api/events/?page_size=5000&ordering=start_date,start_time,id HTTP/1.1" 200 999676
[16/Sep/2026 19:47:49] "GET /api/leads/?page_size=500&ordering=-created_at HTTP/1.1" 200 77097
[16/Sep/2026 19:48:07] "GET /api/notifications/summary/ HTTP/1.1" 200 2249
[16/Sep/2026 19:48:38] "GET /api/notifications/summary/ HTTP/1.1" 200 2249
[16/Sep/2026 19:49:09] "GET /api/notifications/summary/ HTTP/1.1" 200 2249
[16/Sep/2026 19:49:39] "GET /api/notifications/summary/ HTTP/1.1" 200 2249
[16/Sep/2026 19:50:10] "GET /api/notifications/summary/ HTTP/1.1" 200 2249
[16/Sep/2026 19:50:41] "GET /api/notifications/summary/ HTTP/1.1" 200 2249
[16/Sep/2026 19:51:11] "GET /api/notifications/summary/ HTTP/1.1" 200 2249
Unauthorized: /api/notifications/summary/
[16/Sep/2026 19:51:41] "GET /api/notifications/summary/ HTTP/1.1" 401 172
[16/Sep/2026 19:51:43] "POST /api/auth/refresh/ HTTP/1.1" 200 625
[16/Sep/2026 19:51:43] "GET /api/auth/me/ HTTP/1.1" 200 298
[16/Sep/2026 19:51:44] "GET /api/notifications/summary/ HTTP/1.1" 200 2249
[16/Sep/2026 19:51:56] "GET /api/leads/?page_size=500&ordering=-created_at HTTP/1.1" 200 77097
[16/Sep/2026 19:52:14] "GET /api/notifications/summary/ HTTP/1.1" 200 2249
[16/Sep/2026 19:52:45] "GET /api/notifications/summary/ HTTP/1.1" 200 2249
[16/Sep/2026 19:53:15] "GET /api/notifications/summary/ HTTP/1.1" 200 2249
[16/Sep/2026 19:53:46] "GET /api/notifications/summary/ HTTP/1.1" 200 2249
[16/Sep/2026 19:54:17] "GET /api/notifications/summary/ HTTP/1.1" 200 2249
[16/Sep/2026 19:54:47] "GET /api/notifications/summary/ HTTP/1.1" 200 2249
[16/Sep/2026 19:55:18] "GET /api/notifications/summary/ HTTP/1.1" 200 2249
[16/Sep/2026 19:55:49] "GET /api/notifications/summary/ HTTP/1.1" 200 2249
[16/Sep/2026 19:56:19] "GET /api/notifications/summary/ HTTP/1.1" 200 2249
[16/Sep/2026 19:56:50] "GET /api/notifications/summary/ HTTP/1.1" 200 2249
[16/Sep/2026 19:57:21] "GET /api/notifications/summary/ HTTP/1.1" 200 2249
[16/Sep/2026 19:57:51] "GET /api/notifications/summary/ HTTP/1.1" 200 2249
[16/Sep/2026 19:58:22] "GET /api/notifications/summary/ HTTP/1.1" 200 2249
[16/Sep/2026 19:58:53] "GET /api/notifications/summary/ HTTP/1.1" 200 2249
[16/Sep/2026 19:59:23] "GET /api/notifications/summary/ HTTP/1.1" 200 2249
[16/Sep/2026 19:59:54] "GET /api/notifications/summary/ HTTP/1.1" 200 2249
[16/Sep/2026 20:00:25] "GET /api/notifications/summary/ HTTP/1.1" 200 2249
[16/Sep/2026 20:00:55] "GET /api/notifications/summary/ HTTP/1.1" 200 2249
[16/Sep/2026 20:01:26] "GET /api/notifications/summary/ HTTP/1.1" 200 2249
[16/Sep/2026 20:01:57] "GET /api/notifications/summary/ HTTP/1.1" 200 2249
[16/Sep/2026 20:02:27] "GET /api/notifications/summary/ HTTP/1.1" 200 2249
[16/Sep/2026 20:02:58] "GET /api/notifications/summary/ HTTP/1.1" 200 2249
[16/Sep/2026 20:03:29] "GET /api/notifications/summary/ HTTP/1.1" 200 2249
[16/Sep/2026 20:03:59] "GET /api/notifications/summary/ HTTP/1.1" 200 2249
[16/Sep/2026 20:04:30] "GET /api/notifications/summary/ HTTP/1.1" 200 2249
[16/Sep/2026 20:05:01] "GET /api/notifications/summary/ HTTP/1.1" 200 2249
[16/Sep/2026 20:05:31] "GET /api/notifications/summary/ HTTP/1.1" 200 2249
[16/Sep/2026 20:06:02] "GET /api/notifications/summary/ HTTP/1.1" 200 2249
[16/Sep/2026 20:06:33] "GET /api/notifications/summary/ HTTP/1.1" 200 2249
Unauthorized: /api/notifications/summary/
[16/Sep/2026 20:07:03] "GET /api/notifications/summary/ HTTP/1.1" 401 172
[16/Sep/2026 20:07:04] "POST /api/auth/refresh/ HTTP/1.1" 200 625
[16/Sep/2026 20:07:05] "GET /api/auth/me/ HTTP/1.1" 200 298
[16/Sep/2026 20:07:05] "GET /api/notifications/summary/ HTTP/1.1" 200 2249
[16/Sep/2026 20:07:17] "GET /api/leads/?page_size=500&ordering=-created_at HTTP/1.1" 200 77097
[16/Sep/2026 20:07:36] "GET /api/notifications/summary/ HTTP/1.1" 200 2249
[16/Sep/2026 20:08:06] "GET /api/notifications/summary/ HTTP/1.1" 200 2249
[16/Sep/2026 20:08:37] "GET /api/notifications/summary/ HTTP/1.1" 200 2249
[16/Sep/2026 20:09:08] "GET /api/notifications/summary/ HTTP/1.1" 200 2249
[16/Sep/2026 20:09:38] "GET /api/notifications/summary/ HTTP/1.1" 200 2249
[16/Sep/2026 20:10:09] "GET /api/notifications/summary/ HTTP/1.1" 200 2249
[16/Sep/2026 20:10:40] "GET /api/notifications/summary/ HTTP/1.1" 200 2249
[16/Sep/2026 20:11:10] "GET /api/notifications/summary/ HTTP/1.1" 200 2249
[16/Sep/2026 20:11:41] "GET /api/notifications/summary/ HTTP/1.1" 200 2249
[16/Sep/2026 20:12:12] "GET /api/notifications/summary/ HTTP/1.1" 200 2249
[16/Sep/2026 20:12:42] "GET /api/notifications/summary/ HTTP/1.1" 200 2249
[16/Sep/2026 20:13:13] "GET /api/notifications/summary/ HTTP/1.1" 200 2249
[16/Sep/2026 20:13:44] "GET /api/notifications/summary/ HTTP/1.1" 200 2249
[16/Sep/2026 20:14:14] "GET /api/notifications/summary/ HTTP/1.1" 200 2249
[16/Sep/2026 20:14:45] "GET /api/notifications/summary/ HTTP/1.1" 200 2249
[16/Sep/2026 20:15:15] "GET /api/notifications/summary/ HTTP/1.1" 200 2249
[16/Sep/2026 20:15:46] "GET /api/notifications/summary/ HTTP/1.1" 200 2249
[16/Sep/2026 20:16:17] "GET /api/notifications/summary/ HTTP/1.1" 200 2249
[16/Sep/2026 20:16:47] "GET /api/notifications/summary/ HTTP/1.1" 200 2249
[16/Sep/2026 20:17:18] "GET /api/notifications/summary/ HTTP/1.1" 200 2249
[16/Sep/2026 20:17:49] "GET /api/notifications/summary/ HTTP/1.1" 200 2249
[16/Sep/2026 20:18:20] "GET /api/notifications/summary/ HTTP/1.1" 200 2249
[16/Sep/2026 20:18:50] "GET /api/notifications/summary/ HTTP/1.1" 200 2249
[16/Sep/2026 20:19:21] "GET /api/notifications/summary/ HTTP/1.1" 200 2249
[16/Sep/2026 20:19:52] "GET /api/notifications/summary/ HTTP/1.1" 200 2249
[16/Sep/2026 20:20:22] "GET /api/notifications/summary/ HTTP/1.1" 200 2249
[16/Sep/2026 20:20:53] "GET /api/notifications/summary/ HTTP/1.1" 200 2249
[16/Sep/2026 20:21:24] "GET /api/notifications/summary/ HTTP/1.1" 200 2249
[16/Sep/2026 20:21:55] "GET /api/notifications/summary/ HTTP/1.1" 200 2249
Unauthorized: /api/notifications/summary/
[16/Sep/2026 20:22:25] "GET /api/notifications/summary/ HTTP/1.1" 401 172
[16/Sep/2026 20:22:26] "POST /api/auth/refresh/ HTTP/1.1" 200 625
[16/Sep/2026 20:22:27] "GET /api/auth/me/ HTTP/1.1" 200 298
[16/Sep/2026 20:22:27] "GET /api/notifications/summary/ HTTP/1.1" 200 2249
[16/Sep/2026 20:22:40] "GET /api/leads/?page_size=500&ordering=-created_at HTTP/1.1" 200 77097
[16/Sep/2026 20:22:57] "GET /api/notifications/summary/ HTTP/1.1" 200 2249
[16/Sep/2026 20:23:28] "GET /api/notifications/summary/ HTTP/1.1" 200 2249
[16/Sep/2026 20:23:59] "GET /api/notifications/summary/ HTTP/1.1" 200 2249
[16/Sep/2026 20:24:29] "GET /api/notifications/summary/ HTTP/1.1" 200 2249
[16/Sep/2026 20:25:00] "GET /api/notifications/summary/ HTTP/1.1" 200 2249
[16/Sep/2026 20:25:31] "GET /api/notifications/summary/ HTTP/1.1" 200 2249
[16/Sep/2026 20:26:02] "GET /api/notifications/summary/ HTTP/1.1" 200 2249
[16/Sep/2026 20:26:32] "GET /api/notifications/summary/ HTTP/1.1" 200 2249
[16/Sep/2026 20:27:03] "GET /api/notifications/summary/ HTTP/1.1" 200 2249
[16/Sep/2026 20:27:34] "GET /api/notifications/summary/ HTTP/1.1" 200 2249
[16/Sep/2026 20:28:04] "GET /api/notifications/summary/ HTTP/1.1" 200 2249
[16/Sep/2026 20:28:35] "GET /api/notifications/summary/ HTTP/1.1" 200 2249
[16/Sep/2026 20:29:06] "GET /api/notifications/summary/ HTTP/1.1" 200 2249
[16/Sep/2026 20:29:37] "GET /api/notifications/summary/ HTTP/1.1" 200 2249
[16/Sep/2026 20:30:07] "GET /api/notifications/summary/ HTTP/1.1" 200 2249
[16/Sep/2026 20:30:38] "GET /api/notifications/summary/ HTTP/1.1" 200 2249
[16/Sep/2026 20:31:09] "GET /api/notifications/summary/ HTTP/1.1" 200 2249
[16/Sep/2026 20:31:39] "GET /api/notifications/summary/ HTTP/1.1" 200 2249
[16/Sep/2026 20:32:10] "GET /api/notifications/summary/ HTTP/1.1" 200 2249
[16/Sep/2026 20:32:40] "GET /api/notifications/summary/ HTTP/1.1" 200 2249
[16/Sep/2026 20:33:11] "GET /api/notifications/summary/ HTTP/1.1" 200 2249
[16/Sep/2026 20:33:42] "GET /api/notifications/summary/ HTTP/1.1" 200 2249
[16/Sep/2026 20:34:13] "GET /api/notifications/summary/ HTTP/1.1" 200 2249
[16/Sep/2026 20:34:43] "GET /api/notifications/summary/ HTTP/1.1" 200 2249
[16/Sep/2026 20:35:14] "GET /api/notifications/summary/ HTTP/1.1" 200 2249
[16/Sep/2026 20:35:45] "GET /api/notifications/summary/ HTTP/1.1" 200 2249
[16/Sep/2026 20:36:15] "GET /api/notifications/summary/ HTTP/1.1" 200 2249
[16/Sep/2026 20:36:46] "GET /api/notifications/summary/ HTTP/1.1" 200 2249
[16/Sep/2026 20:37:17] "GET /api/notifications/summary/ HTTP/1.1" 200 2249
Unauthorized: /api/notifications/summary/
[16/Sep/2026 20:37:47] "GET /api/notifications/summary/ HTTP/1.1" 401 172
[16/Sep/2026 20:37:49] "POST /api/auth/refresh/ HTTP/1.1" 200 625
[16/Sep/2026 20:37:49] "GET /api/auth/me/ HTTP/1.1" 200 298
[16/Sep/2026 20:37:49] "GET /api/notifications/summary/ HTTP/1.1" 200 2249
[16/Sep/2026 20:38:02] "GET /api/leads/?page_size=500&ordering=-created_at HTTP/1.1" 200 77097
[16/Sep/2026 20:38:20] "GET /api/notifications/summary/ HTTP/1.1" 200 2249
[16/Sep/2026 20:38:51] "GET /api/notifications/summary/ HTTP/1.1" 200 2249
[16/Sep/2026 20:39:21] "GET /api/notifications/summary/ HTTP/1.1" 200 2249
[16/Sep/2026 20:39:52] "GET /api/notifications/summary/ HTTP/1.1" 200 2249
[16/Sep/2026 20:40:22] "GET /api/notifications/summary/ HTTP/1.1" 200 2249
[16/Sep/2026 20:40:53] "GET /api/notifications/summary/ HTTP/1.1" 200 2249
[16/Sep/2026 20:41:24] "GET /api/notifications/summary/ HTTP/1.1" 200 2249
[16/Sep/2026 20:41:54] "GET /api/notifications/summary/ HTTP/1.1" 200 2249
[16/Sep/2026 20:42:25] "GET /api/notifications/summary/ HTTP/1.1" 200 2249
[16/Sep/2026 20:42:56] "GET /api/notifications/summary/ HTTP/1.1" 200 2249
[16/Sep/2026 20:43:26] "GET /api/notifications/summary/ HTTP/1.1" 200 2249
[16/Sep/2026 20:43:57] "GET /api/notifications/summary/ HTTP/1.1" 200 2249
[16/Sep/2026 20:44:28] "GET /api/notifications/summary/ HTTP/1.1" 200 2249
[16/Sep/2026 20:44:58] "GET /api/notifications/summary/ HTTP/1.1" 200 2249
[16/Sep/2026 20:45:29] "GET /api/notifications/summary/ HTTP/1.1" 200 2249
[16/Sep/2026 20:46:00] "GET /api/notifications/summary/ HTTP/1.1" 200 2249
[16/Sep/2026 20:46:30] "GET /api/notifications/summary/ HTTP/1.1" 200 2249
[16/Sep/2026 20:47:01] "GET /api/notifications/summary/ HTTP/1.1" 200 2249
[16/Sep/2026 20:47:32] "GET /api/notifications/summary/ HTTP/1.1" 200 2249
[16/Sep/2026 20:48:02] "GET /api/notifications/summary/ HTTP/1.1" 200 2249
[16/Sep/2026 20:48:33] "GET /api/notifications/summary/ HTTP/1.1" 200 2249
[16/Sep/2026 20:49:04] "GET /api/notifications/summary/ HTTP/1.1" 200 2249
[16/Sep/2026 20:49:34] "GET /api/notifications/summary/ HTTP/1.1" 200 2249
[16/Sep/2026 20:50:05] "GET /api/notifications/summary/ HTTP/1.1" 200 2249
[16/Sep/2026 20:50:36] "GET /api/notifications/summary/ HTTP/1.1" 200 2249
[16/Sep/2026 20:51:06] "GET /api/notifications/summary/ HTTP/1.1" 200 2249
[16/Sep/2026 20:51:37] "GET /api/notifications/summary/ HTTP/1.1" 200 2249
[16/Sep/2026 20:52:08] "GET /api/notifications/summary/ HTTP/1.1" 200 2249
[16/Sep/2026 20:52:38] "GET /api/notifications/summary/ HTTP/1.1" 200 2249
Unauthorized: /api/notifications/summary/
[16/Sep/2026 20:53:08] "GET /api/notifications/summary/ HTTP/1.1" 401 172
[16/Sep/2026 20:53:10] "POST /api/auth/refresh/ HTTP/1.1" 200 625
[16/Sep/2026 20:53:10] "GET /api/auth/me/ HTTP/1.1" 200 298
[16/Sep/2026 20:53:10] "GET /api/notifications/summary/ HTTP/1.1" 200 2249
[16/Sep/2026 20:53:22] "GET /api/leads/?page_size=500&ordering=-created_at HTTP/1.1" 200 77097
[16/Sep/2026 20:53:41] "GET /api/notifications/summary/ HTTP/1.1" 200 2292
[16/Sep/2026 20:54:11] "GET /api/notifications/summary/ HTTP/1.1" 200 2292
[16/Sep/2026 20:54:42] "GET /api/notifications/summary/ HTTP/1.1" 200 2292
[16/Sep/2026 20:55:13] "GET /api/notifications/summary/ HTTP/1.1" 200 2292
[16/Sep/2026 20:55:43] "GET /api/notifications/summary/ HTTP/1.1" 200 2292
[16/Sep/2026 20:56:14] "GET /api/notifications/summary/ HTTP/1.1" 200 2292
[16/Sep/2026 20:56:45] "GET /api/notifications/summary/ HTTP/1.1" 200 2292
[16/Sep/2026 20:57:16] "GET /api/notifications/summary/ HTTP/1.1" 200 2292
[16/Sep/2026 20:57:46] "GET /api/notifications/summary/ HTTP/1.1" 200 2292
[16/Sep/2026 20:58:17] "GET /api/notifications/summary/ HTTP/1.1" 200 2292
[16/Sep/2026 20:58:48] "GET /api/notifications/summary/ HTTP/1.1" 200 2292
[16/Sep/2026 20:59:18] "GET /api/notifications/summary/ HTTP/1.1" 200 2292
[16/Sep/2026 20:59:49] "GET /api/notifications/summary/ HTTP/1.1" 200 2292
[16/Sep/2026 21:00:20] "GET /api/notifications/summary/ HTTP/1.1" 200 2292
[16/Sep/2026 21:00:50] "GET /api/notifications/summary/ HTTP/1.1" 200 2292
[16/Sep/2026 21:01:21] "GET /api/notifications/summary/ HTTP/1.1" 200 2292
[16/Sep/2026 21:01:52] "GET /api/notifications/summary/ HTTP/1.1" 200 2292
[16/Sep/2026 21:02:23] "GET /api/notifications/summary/ HTTP/1.1" 200 2292
[16/Sep/2026 21:02:53] "GET /api/notifications/summary/ HTTP/1.1" 200 2292
[16/Sep/2026 21:03:24] "GET /api/notifications/summary/ HTTP/1.1" 200 2292
[16/Sep/2026 21:03:55] "GET /api/notifications/summary/ HTTP/1.1" 200 2292
[16/Sep/2026 21:04:25] "GET /api/notifications/summary/ HTTP/1.1" 200 2292
[16/Sep/2026 21:04:56] "GET /api/notifications/summary/ HTTP/1.1" 200 2292
[16/Sep/2026 21:05:26] "OPTIONS /api/notifications/summary/ HTTP/1.1" 200 0
[16/Sep/2026 21:05:27] "GET /api/notifications/summary/ HTTP/1.1" 200 2292
[16/Sep/2026 21:05:57] "GET /api/notifications/summary/ HTTP/1.1" 200 2292
[16/Sep/2026 21:06:28] "GET /api/notifications/summary/ HTTP/1.1" 200 2292
[16/Sep/2026 21:06:59] "GET /api/notifications/summary/ HTTP/1.1" 200 2292
[16/Sep/2026 21:07:30] "GET /api/notifications/summary/ HTTP/1.1" 200 2292
[16/Sep/2026 21:08:01] "GET /api/notifications/summary/ HTTP/1.1" 200 2292
Unauthorized: /api/notifications/summary/
[16/Sep/2026 21:08:31] "GET /api/notifications/summary/ HTTP/1.1" 401 172
[16/Sep/2026 21:08:31] "OPTIONS /api/auth/refresh/ HTTP/1.1" 200 0
[16/Sep/2026 21:08:32] "POST /api/auth/refresh/ HTTP/1.1" 200 625
[16/Sep/2026 21:08:32] "OPTIONS /api/auth/me/ HTTP/1.1" 200 0
[16/Sep/2026 21:08:32] "OPTIONS /api/leads/?page_size=500&ordering=-created_at HTTP/1.1" 200 0
[16/Sep/2026 21:08:33] "GET /api/auth/me/ HTTP/1.1" 200 298
[16/Sep/2026 21:08:33] "GET /api/notifications/summary/ HTTP/1.1" 200 2292
[16/Sep/2026 21:08:44] "GET /api/leads/?page_size=500&ordering=-created_at HTTP/1.1" 200 77097
[16/Sep/2026 21:09:04] "GET /api/notifications/summary/ HTTP/1.1" 200 2292
[16/Sep/2026 21:09:34] "GET /api/notifications/summary/ HTTP/1.1" 200 2292
[16/Sep/2026 21:10:05] "GET /api/notifications/summary/ HTTP/1.1" 200 2292
[16/Sep/2026 21:10:36] "GET /api/notifications/summary/ HTTP/1.1" 200 2292
[16/Sep/2026 21:11:06] "GET /api/notifications/summary/ HTTP/1.1" 200 2292
[16/Sep/2026 21:11:37] "GET /api/notifications/summary/ HTTP/1.1" 200 2292
[16/Sep/2026 21:12:08] "GET /api/notifications/summary/ HTTP/1.1" 200 2292
[16/Sep/2026 21:12:39] "GET /api/notifications/summary/ HTTP/1.1" 200 2292
[16/Sep/2026 21:13:09] "GET /api/notifications/summary/ HTTP/1.1" 200 2292
[16/Sep/2026 21:13:40] "GET /api/notifications/summary/ HTTP/1.1" 200 2292
[16/Sep/2026 21:14:11] "GET /api/notifications/summary/ HTTP/1.1" 200 2292
[16/Sep/2026 21:14:42] "GET /api/notifications/summary/ HTTP/1.1" 200 2292
[16/Sep/2026 21:15:12] "GET /api/notifications/summary/ HTTP/1.1" 200 2292
[16/Sep/2026 21:15:43] "GET /api/notifications/summary/ HTTP/1.1" 200 2292
[16/Sep/2026 21:16:14] "GET /api/notifications/summary/ HTTP/1.1" 200 2292
[16/Sep/2026 21:16:45] "GET /api/notifications/summary/ HTTP/1.1" 200 2292
[16/Sep/2026 21:17:15] "GET /api/notifications/summary/ HTTP/1.1" 200 2292
[16/Sep/2026 21:17:46] "GET /api/notifications/summary/ HTTP/1.1" 200 2292
[16/Sep/2026 21:18:17] "GET /api/notifications/summary/ HTTP/1.1" 200 2292
[16/Sep/2026 21:18:47] "GET /api/notifications/summary/ HTTP/1.1" 200 2292
[16/Sep/2026 21:19:18] "GET /api/notifications/summary/ HTTP/1.1" 200 2292
[16/Sep/2026 21:19:49] "GET /api/notifications/summary/ HTTP/1.1" 200 2292
[16/Sep/2026 21:20:20] "GET /api/notifications/summary/ HTTP/1.1" 200 2292
[16/Sep/2026 21:20:50] "GET /api/notifications/summary/ HTTP/1.1" 200 2292
[16/Sep/2026 21:21:21] "GET /api/notifications/summary/ HTTP/1.1" 200 2292
[16/Sep/2026 21:21:52] "GET /api/notifications/summary/ HTTP/1.1" 200 2292
[16/Sep/2026 21:22:23] "GET /api/notifications/summary/ HTTP/1.1" 200 2292
[16/Sep/2026 21:22:53] "GET /api/notifications/summary/ HTTP/1.1" 200 2292
[16/Sep/2026 21:23:24] "GET /api/notifications/summary/ HTTP/1.1" 200 2292
Unauthorized: /api/notifications/summary/
[16/Sep/2026 21:23:54] "GET /api/notifications/summary/ HTTP/1.1" 401 172
[16/Sep/2026 21:23:55] "POST /api/auth/refresh/ HTTP/1.1" 200 625
[16/Sep/2026 21:23:56] "GET /api/auth/me/ HTTP/1.1" 200 298
[16/Sep/2026 21:23:56] "GET /api/notifications/summary/ HTTP/1.1" 200 2292
[16/Sep/2026 21:24:12] "GET /api/leads/?page_size=500&ordering=-created_at HTTP/1.1" 200 77097
[16/Sep/2026 21:24:28] "GET /api/notifications/summary/ HTTP/1.1" 200 2292
[16/Sep/2026 21:24:58] "GET /api/notifications/summary/ HTTP/1.1" 200 2292
[16/Sep/2026 21:25:29] "GET /api/notifications/summary/ HTTP/1.1" 200 2292
[16/Sep/2026 21:26:00] "GET /api/notifications/summary/ HTTP/1.1" 200 2292
[16/Sep/2026 21:26:31] "GET /api/notifications/summary/ HTTP/1.1" 200 2292
[16/Sep/2026 21:27:04] "GET /api/notifications/summary/ HTTP/1.1" 200 2292
[16/Sep/2026 21:27:35] "GET /api/notifications/summary/ HTTP/1.1" 200 2292
[16/Sep/2026 21:28:05] "GET /api/notifications/summary/ HTTP/1.1" 200 2292
[16/Sep/2026 21:28:36] "GET /api/notifications/summary/ HTTP/1.1" 200 2292
[16/Sep/2026 21:29:07] "GET /api/notifications/summary/ HTTP/1.1" 200 2292
[16/Sep/2026 21:29:37] "GET /api/notifications/summary/ HTTP/1.1" 200 2292
[16/Sep/2026 21:30:08] "GET /api/notifications/summary/ HTTP/1.1" 200 2292
[16/Sep/2026 21:30:39] "GET /api/notifications/summary/ HTTP/1.1" 200 2292
[16/Sep/2026 21:31:09] "GET /api/notifications/summary/ HTTP/1.1" 200 2292
[16/Sep/2026 21:31:40] "GET /api/notifications/summary/ HTTP/1.1" 200 2292
[16/Sep/2026 21:32:11] "GET /api/notifications/summary/ HTTP/1.1" 200 2292
[16/Sep/2026 21:32:42] "GET /api/notifications/summary/ HTTP/1.1" 200 2292
[16/Sep/2026 21:33:12] "GET /api/notifications/summary/ HTTP/1.1" 200 2292
[16/Sep/2026 21:33:43] "GET /api/notifications/summary/ HTTP/1.1" 200 2292
[16/Sep/2026 21:34:13] "GET /api/notifications/summary/ HTTP/1.1" 200 2292
[16/Sep/2026 21:34:44] "GET /api/notifications/summary/ HTTP/1.1" 200 2292
[16/Sep/2026 21:35:15] "GET /api/notifications/summary/ HTTP/1.1" 200 2292
[16/Sep/2026 21:35:53] "GET /api/notifications/summary/ HTTP/1.1" 200 2292
[16/Sep/2026 21:36:23] "GET /api/notifications/summary/ HTTP/1.1" 200 2292
[16/Sep/2026 21:36:54] "GET /api/notifications/summary/ HTTP/1.1" 200 2292
[16/Sep/2026 21:37:25] "GET /api/notifications/summary/ HTTP/1.1" 200 2292
[16/Sep/2026 21:37:56] "GET /api/notifications/summary/ HTTP/1.1" 200 2292
[16/Sep/2026 21:38:27] "GET /api/notifications/summary/ HTTP/1.1" 200 2292
Unauthorized: /api/notifications/summary/
[16/Sep/2026 21:38:57] "GET /api/notifications/summary/ HTTP/1.1" 401 172
[16/Sep/2026 21:38:58] "POST /api/auth/refresh/ HTTP/1.1" 200 625
[16/Sep/2026 21:38:59] "GET /api/auth/me/ HTTP/1.1" 200 298
[16/Sep/2026 21:38:59] "GET /api/notifications/summary/ HTTP/1.1" 200 2292
[16/Sep/2026 21:39:11] "GET /api/leads/?page_size=500&ordering=-created_at HTTP/1.1" 200 77097
[16/Sep/2026 21:39:30] "GET /api/notifications/summary/ HTTP/1.1" 200 2292
[16/Sep/2026 21:40:00] "GET /api/notifications/summary/ HTTP/1.1" 200 2292
[16/Sep/2026 21:40:31] "GET /api/notifications/summary/ HTTP/1.1" 200 2292
[16/Sep/2026 21:41:02] "GET /api/notifications/summary/ HTTP/1.1" 200 2292
[16/Sep/2026 21:41:32] "GET /api/notifications/summary/ HTTP/1.1" 200 2292
[16/Sep/2026 21:42:03] "GET /api/notifications/summary/ HTTP/1.1" 200 2292
[16/Sep/2026 21:42:33] "GET /api/notifications/summary/ HTTP/1.1" 200 2292
[16/Sep/2026 21:43:04] "GET /api/notifications/summary/ HTTP/1.1" 200 2292
[16/Sep/2026 21:43:35] "GET /api/notifications/summary/ HTTP/1.1" 200 2292
[16/Sep/2026 21:44:06] "GET /api/notifications/summary/ HTTP/1.1" 200 2292
[16/Sep/2026 21:44:36] "GET /api/notifications/summary/ HTTP/1.1" 200 2292
[16/Sep/2026 21:45:07] "GET /api/notifications/summary/ HTTP/1.1" 200 2292
[16/Sep/2026 21:45:38] "GET /api/notifications/summary/ HTTP/1.1" 200 2292
[16/Sep/2026 21:46:08] "GET /api/notifications/summary/ HTTP/1.1" 200 2292
[16/Sep/2026 21:46:39] "GET /api/notifications/summary/ HTTP/1.1" 200 2292
[16/Sep/2026 21:47:10] "GET /api/notifications/summary/ HTTP/1.1" 200 2292
[16/Sep/2026 21:47:41] "GET /api/notifications/summary/ HTTP/1.1" 200 2292
[16/Sep/2026 21:48:12] "GET /api/notifications/summary/ HTTP/1.1" 200 2292
[16/Sep/2026 21:48:43] "GET /api/notifications/summary/ HTTP/1.1" 200 2292
[16/Sep/2026 21:49:13] "GET /api/notifications/summary/ HTTP/1.1" 200 2292
[16/Sep/2026 21:49:44] "GET /api/notifications/summary/ HTTP/1.1" 200 2292
[16/Sep/2026 21:50:15] "GET /api/notifications/summary/ HTTP/1.1" 200 2292
[16/Sep/2026 21:50:45] "GET /api/notifications/summary/ HTTP/1.1" 200 2292
[16/Sep/2026 21:51:16] "GET /api/notifications/summary/ HTTP/1.1" 200 2292
[16/Sep/2026 21:51:46] "GET /api/notifications/summary/ HTTP/1.1" 200 2292
[16/Sep/2026 21:52:17] "GET /api/notifications/summary/ HTTP/1.1" 200 2292
[16/Sep/2026 21:52:49] "GET /api/notifications/summary/ HTTP/1.1" 200 2292
[16/Sep/2026 21:53:19] "GET /api/notifications/summary/ HTTP/1.1" 200 2292
[16/Sep/2026 21:53:50] "GET /api/notifications/summary/ HTTP/1.1" 200 2292
Unauthorized: /api/notifications/summary/
[16/Sep/2026 21:54:20] "GET /api/notifications/summary/ HTTP/1.1" 401 172
[16/Sep/2026 21:54:21] "POST /api/auth/refresh/ HTTP/1.1" 200 625
[16/Sep/2026 21:54:22] "GET /api/auth/me/ HTTP/1.1" 200 298
[16/Sep/2026 21:54:22] "GET /api/notifications/summary/ HTTP/1.1" 200 2292
[16/Sep/2026 21:54:34] "GET /api/leads/?page_size=500&ordering=-created_at HTTP/1.1" 200 77097
[16/Sep/2026 21:54:53] "GET /api/notifications/summary/ HTTP/1.1" 200 2292
[16/Sep/2026 21:55:24] "GET /api/notifications/summary/ HTTP/1.1" 200 2292
[16/Sep/2026 21:55:55] "GET /api/notifications/summary/ HTTP/1.1" 200 2292
[16/Sep/2026 21:56:25] "GET /api/notifications/summary/ HTTP/1.1" 200 2292
[16/Sep/2026 21:56:56] "GET /api/notifications/summary/ HTTP/1.1" 200 2292
[16/Sep/2026 21:57:27] "GET /api/notifications/summary/ HTTP/1.1" 200 2292
[16/Sep/2026 21:57:59] "GET /api/notifications/summary/ HTTP/1.1" 200 2292
[16/Sep/2026 21:58:30] "GET /api/notifications/summary/ HTTP/1.1" 200 2292
[16/Sep/2026 21:59:00] "GET /api/notifications/summary/ HTTP/1.1" 200 2292
[16/Sep/2026 21:59:31] "GET /api/notifications/summary/ HTTP/1.1" 200 2292
[16/Sep/2026 22:00:01] "GET /api/notifications/summary/ HTTP/1.1" 200 2292
[16/Sep/2026 22:00:32] "GET /api/notifications/summary/ HTTP/1.1" 200 2292
[16/Sep/2026 22:01:03] "GET /api/notifications/summary/ HTTP/1.1" 200 2292
[16/Sep/2026 22:01:33] "GET /api/notifications/summary/ HTTP/1.1" 200 2292
[16/Sep/2026 22:02:04] "GET /api/notifications/summary/ HTTP/1.1" 200 2292
[16/Sep/2026 22:02:35] "GET /api/notifications/summary/ HTTP/1.1" 200 2292
[16/Sep/2026 22:03:06] "GET /api/notifications/summary/ HTTP/1.1" 200 2292
[16/Sep/2026 22:03:36] "GET /api/notifications/summary/ HTTP/1.1" 200 2292
[16/Sep/2026 22:04:07] "GET /api/notifications/summary/ HTTP/1.1" 200 2292
[16/Sep/2026 22:04:38] "GET /api/notifications/summary/ HTTP/1.1" 200 2292
[16/Sep/2026 22:05:08] "GET /api/notifications/summary/ HTTP/1.1" 200 2292
[16/Sep/2026 22:05:39] "GET /api/notifications/summary/ HTTP/1.1" 200 2292
[16/Sep/2026 22:06:10] "GET /api/notifications/summary/ HTTP/1.1" 200 2292
[16/Sep/2026 22:06:40] "GET /api/notifications/summary/ HTTP/1.1" 200 2292
[16/Sep/2026 22:07:11] "GET /api/notifications/summary/ HTTP/1.1" 200 2292
[16/Sep/2026 22:07:42] "GET /api/notifications/summary/ HTTP/1.1" 200 2292
[16/Sep/2026 22:08:13] "GET /api/notifications/summary/ HTTP/1.1" 200 2292
[16/Sep/2026 22:08:44] "GET /api/notifications/summary/ HTTP/1.1" 200 2292
[16/Sep/2026 22:09:14] "GET /api/notifications/summary/ HTTP/1.1" 200 2292
Unauthorized: /api/notifications/summary/
[16/Sep/2026 22:09:44] "GET /api/notifications/summary/ HTTP/1.1" 401 172
[16/Sep/2026 22:09:46] "POST /api/auth/refresh/ HTTP/1.1" 200 625
[16/Sep/2026 22:09:47] "GET /api/auth/me/ HTTP/1.1" 200 298
[16/Sep/2026 22:09:47] "GET /api/notifications/summary/ HTTP/1.1" 200 2292
[16/Sep/2026 22:10:02] "GET /api/leads/?page_size=500&ordering=-created_at HTTP/1.1" 200 77097
[16/Sep/2026 22:10:17] "GET /api/notifications/summary/ HTTP/1.1" 200 2292
[16/Sep/2026 22:10:48] "GET /api/notifications/summary/ HTTP/1.1" 200 2292
[16/Sep/2026 22:11:19] "GET /api/notifications/summary/ HTTP/1.1" 200 2292
[16/Sep/2026 22:11:49] "GET /api/notifications/summary/ HTTP/1.1" 200 2292
[16/Sep/2026 22:12:20] "GET /api/notifications/summary/ HTTP/1.1" 200 2292
[16/Sep/2026 22:12:51] "GET /api/notifications/summary/ HTTP/1.1" 200 2292
[16/Sep/2026 22:13:21] "GET /api/notifications/summary/ HTTP/1.1" 200 2292
[16/Sep/2026 22:13:52] "GET /api/notifications/summary/ HTTP/1.1" 200 2292
[16/Sep/2026 22:14:23] "GET /api/notifications/summary/ HTTP/1.1" 200 2292
[16/Sep/2026 22:14:53] "GET /api/notifications/summary/ HTTP/1.1" 200 2292
[16/Sep/2026 22:15:24] "GET /api/notifications/summary/ HTTP/1.1" 200 2292
[16/Sep/2026 22:15:37] "OPTIONS /api/notifications/summary/ HTTP/1.1" 200 0
[16/Sep/2026 22:15:37] "OPTIONS /api/bookings/?page_size=500 HTTP/1.1" 200 0
[16/Sep/2026 22:15:37] "OPTIONS /api/sales-targets/ HTTP/1.1" 200 0
[16/Sep/2026 22:15:37] "OPTIONS /api/auth/me/ HTTP/1.1" 200 0
Unauthorized: /api/notifications/summary/
[16/Sep/2026 22:15:37] "OPTIONS /api/leads/?page_size=500&ordering=-created_at HTTP/1.1" 200 0
Unauthorized: /api/sales-targets/
[16/Sep/2026 22:15:37] "GET /api/notifications/summary/ HTTP/1.1" 401 172
Unauthorized: /api/leads/
[16/Sep/2026 22:15:37] "OPTIONS /api/events/?page_size=5000&ordering=start_date,start_time,id HTTP/1.1" 200 0
Unauthorized: /api/bookings/
[16/Sep/2026 22:15:37] "GET /api/sales-targets/ HTTP/1.1" 401 172
Unauthorized: /api/auth/me/
[16/Sep/2026 22:15:37] "OPTIONS /api/photographers/?page_size=500 HTTP/1.1" 200 0
Unauthorized: /api/events/
[16/Sep/2026 22:15:37] "GET /api/leads/?page_size=500&ordering=-created_at HTTP/1.1" 401 172
[16/Sep/2026 22:15:37] "GET /api/bookings/?page_size=500 HTTP/1.1" 401 172
Unauthorized: /api/photographers/
[16/Sep/2026 22:15:37] "OPTIONS /api/auth/refresh/ HTTP/1.1" 200 0
[16/Sep/2026 22:15:37] "GET /api/auth/me/ HTTP/1.1" 401 172
[16/Sep/2026 22:15:37] "GET /api/events/?page_size=5000&ordering=start_date,start_time,id HTTP/1.1" 401 172
[16/Sep/2026 22:15:37] "GET /api/photographers/?page_size=500 HTTP/1.1" 401 172
[16/Sep/2026 22:15:38] "POST /api/auth/refresh/ HTTP/1.1" 200 625
[16/Sep/2026 22:15:38] "GET /api/auth/me/ HTTP/1.1" 200 298
[16/Sep/2026 22:15:39] "GET /api/notifications/summary/ HTTP/1.1" 200 2292
[16/Sep/2026 22:15:39] "GET /api/sales-targets/ HTTP/1.1" 200 957
[16/Sep/2026 22:15:39] "GET /api/bookings/?page_size=500 HTTP/1.1" 200 32625
[16/Sep/2026 22:15:39] "GET /api/auth/me/ HTTP/1.1" 200 298
[16/Sep/2026 22:15:39] "GET /api/photographers/?page_size=500 HTTP/1.1" 200 18896
[16/Sep/2026 22:15:43] "OPTIONS /api/notifications/?page_size=20 HTTP/1.1" 200 0
[16/Sep/2026 22:15:44] "GET /api/notifications/?page_size=20 HTTP/1.1" 200 7161
[16/Sep/2026 22:15:48] "GET /api/events/?page_size=5000&ordering=start_date,start_time,id HTTP/1.1" 200 999676
[16/Sep/2026 22:15:51] "GET /api/leads/?page_size=500&ordering=-created_at HTTP/1.1" 200 77097
[16/Sep/2026 22:15:52] "OPTIONS /api/notifications/read-all/ HTTP/1.1" 200 0
[16/Sep/2026 22:15:52] "POST /api/notifications/read-all/ HTTP/1.1" 200 13
[16/Sep/2026 22:15:53] "GET /api/notifications/summary/ HTTP/1.1" 200 2283
[16/Sep/2026 22:15:53] "GET /api/notifications/?page_size=20 HTTP/1.1" 200 7422
[16/Sep/2026 22:15:53] "GET /api/photographers/?page_size=500 HTTP/1.1" 200 18896
[16/Sep/2026 22:15:54] "GET /api/notifications/summary/ HTTP/1.1" 200 2283
[16/Sep/2026 22:15:54] "GET /api/notifications/?page_size=20 HTTP/1.1" 200 7422
[16/Sep/2026 22:15:55] "GET /api/notifications/summary/ HTTP/1.1" 200 2283
[16/Sep/2026 22:16:00] "OPTIONS /api/customers/?page_size=500 HTTP/1.1" 200 0
[16/Sep/2026 22:16:00] "OPTIONS /api/payments/?page_size=500&ordering=-paid_at HTTP/1.1" 200 0
[16/Sep/2026 22:16:00] "OPTIONS /api/payment-reminders/?page_size=500 HTTP/1.1" 200 0
[16/Sep/2026 22:16:00] "GET /api/payment-reminders/?page_size=500 HTTP/1.1" 200 52
[16/Sep/2026 22:16:00] "GET /api/customers/?page_size=500 HTTP/1.1" 200 42836
[16/Sep/2026 22:16:00] "GET /api/bookings/?page_size=500 HTTP/1.1" 200 32625
[16/Sep/2026 22:16:01] "GET /api/payments/?page_size=500&ordering=-paid_at HTTP/1.1" 200 58141
[16/Sep/2026 22:16:04] "GET /api/events/?page_size=5000&ordering=start_date,start_time,id HTTP/1.1" 200 999676
[16/Sep/2026 22:16:12] "GET /api/leads/?page_size=500&ordering=-created_at HTTP/1.1" 200 77097
[16/Sep/2026 22:16:25] "GET /api/notifications/summary/ HTTP/1.1" 200 2283
Unauthorized: /api/notifications/summary/
[16/Sep/2026 22:16:47] "GET /api/notifications/summary/ HTTP/1.1" 401 172
Unauthorized: /api/auth/refresh/
[16/Sep/2026 22:16:48] "POST /api/auth/refresh/ HTTP/1.1" 401 58
[16/Sep/2026 22:16:56] "GET /api/notifications/summary/ HTTP/1.1" 200 2283
[16/Sep/2026 22:17:00] "OPTIONS /api/auth/login/ HTTP/1.1" 200 0
[16/Sep/2026 22:17:02] "POST /api/auth/login/ HTTP/1.1" 200 931
[16/Sep/2026 22:17:02] "GET /api/auth/me/ HTTP/1.1" 200 298
[16/Sep/2026 22:17:02] "GET /api/notifications/summary/ HTTP/1.1" 200 2283
[16/Sep/2026 22:17:03] "GET /api/photographers/?page_size=500 HTTP/1.1" 200 18896
[16/Sep/2026 22:17:11] "GET /api/events/?page_size=5000&ordering=start_date,start_time,id HTTP/1.1" 200 999676
[16/Sep/2026 22:17:15] "GET /api/leads/?page_size=500&ordering=-created_at HTTP/1.1" 200 77097
[16/Sep/2026 22:17:27] "GET /api/notifications/summary/ HTTP/1.1" 200 2283
[16/Sep/2026 22:17:33] "GET /api/notifications/summary/ HTTP/1.1" 200 2283
[16/Sep/2026 22:17:57] "GET /api/notifications/summary/ HTTP/1.1" 200 2283
[16/Sep/2026 22:18:15] "OPTIONS /api/reports/revenue/?months=6 HTTP/1.1" 200 0
[16/Sep/2026 22:18:15] "OPTIONS /api/dashboard/ HTTP/1.1" 200 0
[16/Sep/2026 22:18:15] "OPTIONS /api/reports/revenue/?months=6 HTTP/1.1" 200 0
[16/Sep/2026 22:18:15] "OPTIONS /api/dashboard/ HTTP/1.1" 200 0
[16/Sep/2026 22:18:15] "GET /api/reports/revenue/?months=6 HTTP/1.1" 200 307
[16/Sep/2026 22:18:16] "GET /api/reports/revenue/?months=6 HTTP/1.1" 200 307
[16/Sep/2026 22:18:17] "GET /api/dashboard/ HTTP/1.1" 200 5735
[16/Sep/2026 22:18:20] "GET /api/dashboard/ HTTP/1.1" 200 5735
[16/Sep/2026 22:18:28] "GET /api/notifications/summary/ HTTP/1.1" 200 2283
[16/Sep/2026 22:18:34] "GET /api/notifications/summary/ HTTP/1.1" 200 2283
[16/Sep/2026 22:18:59] "GET /api/notifications/summary/ HTTP/1.1" 200 2283
[16/Sep/2026 22:19:29] "GET /api/notifications/summary/ HTTP/1.1" 200 2283
[16/Sep/2026 22:19:50] "OPTIONS /api/dashboard/ HTTP/1.1" 200 0
[16/Sep/2026 22:19:50] "OPTIONS /api/reports/revenue/?months=6 HTTP/1.1" 200 0
[16/Sep/2026 22:19:50] "OPTIONS /api/dashboard/ HTTP/1.1" 200 0
[16/Sep/2026 22:19:50] "OPTIONS /api/reports/revenue/?months=6 HTTP/1.1" 200 0
[16/Sep/2026 22:19:51] "GET /api/reports/revenue/?months=6 HTTP/1.1" 200 307
[16/Sep/2026 22:19:51] "GET /api/reports/revenue/?months=6 HTTP/1.1" 200 307
[16/Sep/2026 22:19:53] "GET /api/dashboard/ HTTP/1.1" 200 5735
[16/Sep/2026 22:19:55] "GET /api/dashboard/ HTTP/1.1" 200 5735
[16/Sep/2026 22:20:00] "GET /api/notifications/summary/ HTTP/1.1" 200 2283
[16/Sep/2026 22:20:31] "GET /api/notifications/summary/ HTTP/1.1" 200 2283
[16/Sep/2026 22:21:01] "GET /api/notifications/summary/ HTTP/1.1" 200 2283
[16/Sep/2026 22:21:32] "GET /api/notifications/summary/ HTTP/1.1" 200 2283
[16/Sep/2026 22:22:02] "GET /api/notifications/summary/ HTTP/1.1" 200 2283
[16/Sep/2026 22:22:04] "GET /api/notifications/summary/ HTTP/1.1" 200 2283
[16/Sep/2026 22:22:07] "OPTIONS /api/bookings/?page_size=500 HTTP/1.1" 200 0
[16/Sep/2026 22:22:07] "OPTIONS /api/sales-targets/ HTTP/1.1" 200 0
[16/Sep/2026 22:22:07] "GET /api/auth/me/ HTTP/1.1" 200 298
[16/Sep/2026 22:22:07] "GET /api/notifications/summary/ HTTP/1.1" 200 2283
[16/Sep/2026 22:22:07] "GET /api/bookings/?page_size=500 HTTP/1.1" 200 32625
[16/Sep/2026 22:22:08] "GET /api/sales-targets/ HTTP/1.1" 200 957
[16/Sep/2026 22:22:08] "GET /api/reports/revenue/?months=6 HTTP/1.1" 200 307
[16/Sep/2026 22:22:09] "GET /api/reports/revenue/?months=6 HTTP/1.1" 200 307
[16/Sep/2026 22:22:09] "GET /api/dashboard/ HTTP/1.1" 200 5735
[16/Sep/2026 22:22:11] "GET /api/dashboard/ HTTP/1.1" 200 5735
[16/Sep/2026 22:22:23] "GET /api/leads/?page_size=500&ordering=-created_at HTTP/1.1" 200 77097
[16/Sep/2026 22:22:35] "GET /api/notifications/summary/ HTTP/1.1" 200 2283
[16/Sep/2026 22:22:38] "GET /api/notifications/summary/ HTTP/1.1" 200 2283
[16/Sep/2026 22:23:06] "GET /api/notifications/summary/ HTTP/1.1" 200 2283
[16/Sep/2026 22:23:09] "GET /api/notifications/summary/ HTTP/1.1" 200 2283
[16/Sep/2026 22:23:39] "GET /api/notifications/summary/ HTTP/1.1" 200 2283
[16/Sep/2026 22:24:04] "GET /api/auth/me/ HTTP/1.1" 200 298
[16/Sep/2026 22:24:04] "GET /api/sales-targets/ HTTP/1.1" 200 957
[16/Sep/2026 22:24:04] "GET /api/notifications/summary/ HTTP/1.1" 200 2283
[16/Sep/2026 22:24:04] "GET /api/bookings/?page_size=500 HTTP/1.1" 200 32625
[16/Sep/2026 22:24:05] "GET /api/reports/revenue/?months=6 HTTP/1.1" 200 307
[16/Sep/2026 22:24:05] "GET /api/reports/revenue/?months=6 HTTP/1.1" 200 307
[16/Sep/2026 22:24:06] "GET /api/dashboard/ HTTP/1.1" 200 5735
[16/Sep/2026 22:24:06] "GET /api/notifications/summary/ HTTP/1.1" 200 2283
[16/Sep/2026 22:24:09] "GET /api/dashboard/ HTTP/1.1" 200 5735
[16/Sep/2026 22:24:17] "GET /api/leads/?page_size=500&ordering=-created_at HTTP/1.1" 200 77097
[16/Sep/2026 22:24:35] "GET /api/notifications/summary/ HTTP/1.1" 200 2283
[16/Sep/2026 22:24:37] "GET /api/notifications/summary/ HTTP/1.1" 200 2283
Unauthorized: /api/notifications/summary/
[16/Sep/2026 22:25:05] "GET /api/notifications/summary/ HTTP/1.1" 401 172
[16/Sep/2026 22:25:06] "POST /api/auth/refresh/ HTTP/1.1" 200 625
[16/Sep/2026 22:25:07] "GET /api/auth/me/ HTTP/1.1" 200 298
[16/Sep/2026 22:25:07] "GET /api/notifications/summary/ HTTP/1.1" 200 2283
[16/Sep/2026 22:25:08] "GET /api/notifications/summary/ HTTP/1.1" 200 2283
[16/Sep/2026 22:25:20] "GET /api/leads/?page_size=500&ordering=-created_at HTTP/1.1" 200 77097
[16/Sep/2026 22:25:38] "GET /api/notifications/summary/ HTTP/1.1" 200 2283
[16/Sep/2026 22:25:38] "GET /api/notifications/summary/ HTTP/1.1" 200 2283
[16/Sep/2026 22:26:08] "GET /api/notifications/summary/ HTTP/1.1" 200 2283
[16/Sep/2026 22:26:09] "GET /api/notifications/summary/ HTTP/1.1" 200 2283
[16/Sep/2026 22:26:39] "GET /api/notifications/summary/ HTTP/1.1" 200 2283
[16/Sep/2026 22:27:10] "GET /api/notifications/summary/ HTTP/1.1" 200 2283
[16/Sep/2026 22:27:40] "GET /api/notifications/summary/ HTTP/1.1" 200 2283
[16/Sep/2026 22:28:13] "GET /api/notifications/summary/ HTTP/1.1" 200 2283
[16/Sep/2026 22:28:40] "GET /api/notifications/summary/ HTTP/1.1" 200 2283
[16/Sep/2026 22:28:44] "GET /api/notifications/summary/ HTTP/1.1" 200 2283
[16/Sep/2026 22:29:15] "GET /api/notifications/summary/ HTTP/1.1" 200 2283
[16/Sep/2026 22:29:41] "GET /api/notifications/summary/ HTTP/1.1" 200 2283
[16/Sep/2026 22:29:46] "GET /api/notifications/summary/ HTTP/1.1" 200 2283
[16/Sep/2026 22:30:17] "GET /api/notifications/summary/ HTTP/1.1" 200 2283
[16/Sep/2026 22:30:42] "GET /api/notifications/summary/ HTTP/1.1" 200 2283
[16/Sep/2026 22:30:47] "GET /api/notifications/summary/ HTTP/1.1" 200 2283
[16/Sep/2026 22:31:13] "GET /api/notifications/summary/ HTTP/1.1" 200 2283
[16/Sep/2026 22:31:19] "GET /api/notifications/summary/ HTTP/1.1" 200 2283
[16/Sep/2026 22:31:49] "GET /api/notifications/summary/ HTTP/1.1" 200 2283
[16/Sep/2026 22:32:07] "GET /api/sales-targets/ HTTP/1.1" 200 957
[16/Sep/2026 22:32:07] "GET /api/notifications/summary/ HTTP/1.1" 200 2283
[16/Sep/2026 22:32:07] "GET /api/bookings/?page_size=500 HTTP/1.1" 200 32625
[16/Sep/2026 22:32:07] "GET /api/auth/me/ HTTP/1.1" 200 298
[16/Sep/2026 22:32:07] "GET /api/reports/revenue/?months=6 HTTP/1.1" 200 307
[16/Sep/2026 22:32:08] "GET /api/reports/revenue/?months=6 HTTP/1.1" 200 307
[16/Sep/2026 22:32:09] "GET /api/dashboard/ HTTP/1.1" 200 5735
[16/Sep/2026 22:32:11] "GET /api/dashboard/ HTTP/1.1" 200 5735
[16/Sep/2026 22:32:19] "GET /api/leads/?page_size=500&ordering=-created_at HTTP/1.1" 200 77097
[16/Sep/2026 22:32:37] "GET /api/notifications/summary/ HTTP/1.1" 200 2283
[16/Sep/2026 22:33:08] "GET /api/notifications/summary/ HTTP/1.1" 200 2283
Unauthorized: /api/notifications/summary/
[16/Sep/2026 22:33:13] "GET /api/notifications/summary/ HTTP/1.1" 401 172
[16/Sep/2026 22:33:14] "POST /api/auth/refresh/ HTTP/1.1" 200 625
[16/Sep/2026 22:33:15] "GET /api/auth/me/ HTTP/1.1" 200 298
[16/Sep/2026 22:33:15] "GET /api/notifications/summary/ HTTP/1.1" 200 2283
[16/Sep/2026 22:33:21] "GET /api/auth/me/ HTTP/1.1" 200 298
[16/Sep/2026 22:33:21] "GET /api/sales-targets/ HTTP/1.1" 200 957
[16/Sep/2026 22:33:21] "GET /api/bookings/?page_size=500 HTTP/1.1" 200 32625
[16/Sep/2026 22:33:21] "GET /api/notifications/summary/ HTTP/1.1" 200 2283
[16/Sep/2026 22:33:22] "GET /api/reports/revenue/?months=6 HTTP/1.1" 200 307
[16/Sep/2026 22:33:22] "GET /api/reports/revenue/?months=6 HTTP/1.1" 200 307
[16/Sep/2026 22:33:23] "GET /api/dashboard/ HTTP/1.1" 200 5735
[16/Sep/2026 22:33:25] "GET /api/dashboard/ HTTP/1.1" 200 5735
[16/Sep/2026 22:33:28] "GET /api/leads/?page_size=500&ordering=-created_at HTTP/1.1" 200 77097
[16/Sep/2026 22:33:34] "GET /api/leads/?page_size=500&ordering=-created_at HTTP/1.1" 200 77097
[16/Sep/2026 22:33:46] "GET /api/notifications/summary/ HTTP/1.1" 200 2283
[16/Sep/2026 22:33:52] "GET /api/notifications/summary/ HTTP/1.1" 200 2283
[16/Sep/2026 22:34:16] "GET /api/notifications/summary/ HTTP/1.1" 200 2283
[16/Sep/2026 22:34:23] "GET /api/notifications/summary/ HTTP/1.1" 200 2283
[16/Sep/2026 22:34:47] "GET /api/notifications/summary/ HTTP/1.1" 200 2283
[16/Sep/2026 22:34:53] "GET /api/notifications/summary/ HTTP/1.1" 200 2283
[16/Sep/2026 22:35:18] "GET /api/notifications/summary/ HTTP/1.1" 200 2283
[16/Sep/2026 22:35:24] "GET /api/notifications/summary/ HTTP/1.1" 200 2283
[16/Sep/2026 22:35:48] "GET /api/notifications/summary/ HTTP/1.1" 200 2283
[16/Sep/2026 22:35:55] "GET /api/notifications/summary/ HTTP/1.1" 200 2283
[16/Sep/2026 22:36:25] "GET /api/notifications/summary/ HTTP/1.1" 200 2283
[16/Sep/2026 22:36:56] "GET /api/notifications/summary/ HTTP/1.1" 200 2283
[16/Sep/2026 22:37:27] "GET /api/notifications/summary/ HTTP/1.1" 200 2283
[16/Sep/2026 22:37:57] "GET /api/notifications/summary/ HTTP/1.1" 200 2283
[16/Sep/2026 22:38:28] "GET /api/notifications/summary/ HTTP/1.1" 200 2283
[16/Sep/2026 22:38:59] "GET /api/notifications/summary/ HTTP/1.1" 200 2283
[16/Sep/2026 22:39:19] "GET /api/notifications/summary/ HTTP/1.1" 200 2283
[16/Sep/2026 22:39:30] "GET /api/notifications/summary/ HTTP/1.1" 200 2283
[16/Sep/2026 22:39:50] "GET /api/notifications/summary/ HTTP/1.1" 200 2283
[16/Sep/2026 22:40:00] "GET /api/notifications/summary/ HTTP/1.1" 200 2283
[16/Sep/2026 22:40:13] "GET /api/bookings/?page_size=500 HTTP/1.1" 200 32625
[16/Sep/2026 22:40:13] "GET /api/sales-targets/ HTTP/1.1" 200 957
[16/Sep/2026 22:40:21] "GET /api/notifications/summary/ HTTP/1.1" 200 2283
[16/Sep/2026 22:40:25] "GET /api/leads/?page_size=500&ordering=-created_at HTTP/1.1" 200 77097
Unauthorized: /api/notifications/summary/
[16/Sep/2026 22:40:30] "GET /api/notifications/summary/ HTTP/1.1" 401 172
[16/Sep/2026 22:40:32] "POST /api/auth/refresh/ HTTP/1.1" 200 625
[16/Sep/2026 22:40:32] "GET /api/auth/me/ HTTP/1.1" 200 298
[16/Sep/2026 22:40:32] "GET /api/notifications/summary/ HTTP/1.1" 200 2283
[16/Sep/2026 22:40:45] "GET /api/leads/?page_size=500&ordering=-created_at HTTP/1.1" 200 77097
[16/Sep/2026 22:40:51] "GET /api/notifications/summary/ HTTP/1.1" 200 2283
[16/Sep/2026 22:41:03] "GET /api/notifications/summary/ HTTP/1.1" 200 2283
[16/Sep/2026 22:41:22] "GET /api/notifications/summary/ HTTP/1.1" 200 2283
[16/Sep/2026 22:41:34] "GET /api/notifications/summary/ HTTP/1.1" 200 2283
[16/Sep/2026 22:41:52] "GET /api/notifications/summary/ HTTP/1.1" 200 2283
[16/Sep/2026 22:42:04] "GET /api/notifications/summary/ HTTP/1.1" 200 2283
[16/Sep/2026 22:42:23] "GET /api/notifications/summary/ HTTP/1.1" 200 2283
[16/Sep/2026 22:42:35] "GET /api/notifications/summary/ HTTP/1.1" 200 2283
[16/Sep/2026 22:42:54] "GET /api/notifications/summary/ HTTP/1.1" 200 2283
[16/Sep/2026 22:43:06] "GET /api/notifications/summary/ HTTP/1.1" 200 2283
[16/Sep/2026 22:43:24] "GET /api/notifications/summary/ HTTP/1.1" 200 2283
[16/Sep/2026 22:43:36] "GET /api/notifications/summary/ HTTP/1.1" 200 2283
[16/Sep/2026 22:43:55] "GET /api/notifications/summary/ HTTP/1.1" 200 2283
[16/Sep/2026 22:44:07] "GET /api/notifications/summary/ HTTP/1.1" 200 2283
[16/Sep/2026 22:44:38] "GET /api/notifications/summary/ HTTP/1.1" 200 2283
[16/Sep/2026 22:44:50] "GET /api/sales-targets/ HTTP/1.1" 200 957
[16/Sep/2026 22:44:50] "GET /api/bookings/?page_size=500 HTTP/1.1" 200 32625
[16/Sep/2026 22:45:03] "GET /api/leads/?page_size=500&ordering=-created_at HTTP/1.1" 200 77097
[16/Sep/2026 22:45:08] "GET /api/notifications/summary/ HTTP/1.1" 200 2283
[16/Sep/2026 22:45:40] "GET /api/notifications/summary/ HTTP/1.1" 200 2283
[16/Sep/2026 22:45:56] "GET /api/notifications/summary/ HTTP/1.1" 200 2283
[16/Sep/2026 22:46:10] "GET /api/notifications/summary/ HTTP/1.1" 200 2283
[16/Sep/2026 22:46:27] "GET /api/notifications/summary/ HTTP/1.1" 200 2283
[16/Sep/2026 22:46:41] "GET /api/notifications/summary/ HTTP/1.1" 200 2283
[16/Sep/2026 22:46:57] "GET /api/notifications/summary/ HTTP/1.1" 200 2283
[16/Sep/2026 22:47:12] "GET /api/notifications/summary/ HTTP/1.1" 200 2283
[16/Sep/2026 22:47:43] "GET /api/notifications/summary/ HTTP/1.1" 200 2283
[16/Sep/2026 22:47:58] "GET /api/notifications/summary/ HTTP/1.1" 200 2283
[16/Sep/2026 22:48:13] "GET /api/notifications/summary/ HTTP/1.1" 200 2283
Unauthorized: /api/dashboard/
Unauthorized: /api/reports/revenue/
[16/Sep/2026 22:48:43] "GET /api/dashboard/ HTTP/1.1" 401 172
Unauthorized: /api/dashboard/
[16/Sep/2026 22:48:43] "GET /api/reports/revenue/?months=6 HTTP/1.1" 401 172
Unauthorized: /api/reports/revenue/
[16/Sep/2026 22:48:43] "GET /api/dashboard/ HTTP/1.1" 401 172
[16/Sep/2026 22:48:43] "GET /api/reports/revenue/?months=6 HTTP/1.1" 401 172
[16/Sep/2026 22:48:44] "GET /api/notifications/summary/ HTTP/1.1" 200 2283
[16/Sep/2026 22:48:45] "POST /api/auth/refresh/ HTTP/1.1" 200 625
[16/Sep/2026 22:48:45] "GET /api/auth/me/ HTTP/1.1" 200 298
[16/Sep/2026 22:48:45] "GET /api/reports/revenue/?months=6 HTTP/1.1" 200 307
[16/Sep/2026 22:48:46] "GET /api/reports/revenue/?months=6 HTTP/1.1" 200 307
[16/Sep/2026 22:48:47] "GET /api/dashboard/ HTTP/1.1" 200 5735
[16/Sep/2026 22:48:51] "GET /api/dashboard/ HTTP/1.1" 200 5735
[16/Sep/2026 22:48:58] "GET /api/leads/?page_size=500&ordering=-created_at HTTP/1.1" 200 77097
[16/Sep/2026 22:48:59] "GET /api/notifications/summary/ HTTP/1.1" 200 2283
[16/Sep/2026 22:48:59] "GET /api/sales-targets/ HTTP/1.1" 200 957
[16/Sep/2026 22:48:59] "GET /api/bookings/?page_size=500 HTTP/1.1" 200 32625
[16/Sep/2026 22:49:15] "GET /api/notifications/summary/ HTTP/1.1" 200 2283
[16/Sep/2026 22:49:46] "GET /api/notifications/summary/ HTTP/1.1" 200 2283
[16/Sep/2026 22:50:00] "GET /api/notifications/summary/ HTTP/1.1" 200 2283
[16/Sep/2026 22:50:17] "GET /api/notifications/summary/ HTTP/1.1" 200 2283
[16/Sep/2026 22:50:48] "GET /api/notifications/summary/ HTTP/1.1" 200 2283
[16/Sep/2026 22:51:18] "GET /api/notifications/summary/ HTTP/1.1" 200 2283
[16/Sep/2026 22:51:49] "GET /api/notifications/summary/ HTTP/1.1" 200 2283
[16/Sep/2026 22:52:17] "GET /api/auth/me/ HTTP/1.1" 200 298
[16/Sep/2026 22:52:17] "GET /api/sales-targets/ HTTP/1.1" 200 957
[16/Sep/2026 22:52:17] "GET /api/notifications/summary/ HTTP/1.1" 200 2283
[16/Sep/2026 22:52:17] "GET /api/bookings/?page_size=500 HTTP/1.1" 200 32625
[16/Sep/2026 22:52:30] "GET /api/leads/?page_size=500&ordering=-created_at HTTP/1.1" 200 77097
[16/Sep/2026 22:52:48] "GET /api/notifications/summary/ HTTP/1.1" 200 2283
[16/Sep/2026 22:53:18] "GET /api/notifications/summary/ HTTP/1.1" 200 2283
[16/Sep/2026 22:53:49] "GET /api/notifications/summary/ HTTP/1.1" 200 2283
[16/Sep/2026 22:53:56] "GET /api/notifications/summary/ HTTP/1.1" 200 2283
[16/Sep/2026 22:54:20] "GET /api/notifications/summary/ HTTP/1.1" 200 2283
[16/Sep/2026 22:54:50] "GET /api/notifications/summary/ HTTP/1.1" 200 2283
[16/Sep/2026 22:55:18] "GET /api/auth/me/ HTTP/1.1" 200 298
[16/Sep/2026 22:55:18] "GET /api/bookings/?page_size=500 HTTP/1.1" 200 32625
[16/Sep/2026 22:55:18] "GET /api/sales-targets/ HTTP/1.1" 200 957
[16/Sep/2026 22:55:18] "GET /api/notifications/summary/ HTTP/1.1" 200 2283
[16/Sep/2026 22:55:19] "GET /api/photographers/?page_size=500 HTTP/1.1" 200 18896
[16/Sep/2026 22:55:21] "GET /api/notifications/summary/ HTTP/1.1" 200 2283
[16/Sep/2026 22:55:32] "GET /api/leads/?page_size=500&ordering=-created_at HTTP/1.1" 200 77097
[16/Sep/2026 22:55:32] "GET /api/events/?page_size=5000&ordering=start_date,start_time,id HTTP/1.1" 200 999676
[16/Sep/2026 22:55:37] "GET /api/reports/revenue/?months=6 HTTP/1.1" 200 307
[16/Sep/2026 22:55:38] "GET /api/reports/revenue/?months=6 HTTP/1.1" 200 307
[16/Sep/2026 22:55:38] "GET /api/dashboard/ HTTP/1.1" 200 5735
[16/Sep/2026 22:55:41] "GET /api/dashboard/ HTTP/1.1" 200 5735
[16/Sep/2026 22:55:49] "GET /api/notifications/summary/ HTTP/1.1" 200 2283
Unauthorized: /api/notifications/summary/
[16/Sep/2026 22:55:51] "GET /api/notifications/summary/ HTTP/1.1" 401 172
[16/Sep/2026 22:55:53] "POST /api/auth/refresh/ HTTP/1.1" 200 625
[16/Sep/2026 22:55:53] "GET /api/auth/me/ HTTP/1.1" 200 298
[16/Sep/2026 22:55:53] "GET /api/notifications/summary/ HTTP/1.1" 200 2283
[16/Sep/2026 22:56:07] "GET /api/leads/?page_size=500&ordering=-created_at HTTP/1.1" 200 77097
[16/Sep/2026 22:56:24] "GET /api/notifications/summary/ HTTP/1.1" 200 2283
[16/Sep/2026 22:56:55] "GET /api/notifications/summary/ HTTP/1.1" 200 2283
[16/Sep/2026 22:57:20] "GET /api/notifications/summary/ HTTP/1.1" 200 2283
[16/Sep/2026 22:57:25] "GET /api/notifications/summary/ HTTP/1.1" 200 2283
[16/Sep/2026 22:57:48] "GET /api/reports/revenue/?months=6 HTTP/1.1" 200 307
[16/Sep/2026 22:57:48] "GET /api/reports/revenue/?months=6 HTTP/1.1" 200 307
[16/Sep/2026 22:57:50] "GET /api/dashboard/ HTTP/1.1" 200 5735
[16/Sep/2026 22:57:52] "GET /api/notifications/summary/ HTTP/1.1" 200 2283
[16/Sep/2026 22:57:53] "GET /api/dashboard/ HTTP/1.1" 200 5735
[16/Sep/2026 22:57:56] "GET /api/notifications/summary/ HTTP/1.1" 200 2283
[16/Sep/2026 22:58:26] "GET /api/notifications/summary/ HTTP/1.1" 200 2283
[16/Sep/2026 22:58:57] "GET /api/notifications/summary/ HTTP/1.1" 200 2283
[16/Sep/2026 22:58:59] "GET /api/bookings/?page_size=500 HTTP/1.1" 200 32625
[16/Sep/2026 22:58:59] "GET /api/sales-targets/ HTTP/1.1" 200 957
[16/Sep/2026 22:59:12] "GET /api/leads/?page_size=500&ordering=-created_at HTTP/1.1" 200 77097
[16/Sep/2026 22:59:28] "GET /api/notifications/summary/ HTTP/1.1" 200 2283
[16/Sep/2026 22:59:45] "GET /api/sales-targets/ HTTP/1.1" 200 957
[16/Sep/2026 22:59:46] "GET /api/bookings/?page_size=500 HTTP/1.1" 200 32625
[16/Sep/2026 22:59:59] "GET /api/notifications/summary/ HTTP/1.1" 200 2283
[16/Sep/2026 22:59:59] "GET /api/leads/?page_size=500&ordering=-created_at HTTP/1.1" 200 77097
[16/Sep/2026 23:00:22] "GET /api/notifications/summary/ HTTP/1.1" 200 2283
[16/Sep/2026 23:00:30] "GET /api/notifications/summary/ HTTP/1.1" 200 2283
[16/Sep/2026 23:01:00] "GET /api/notifications/summary/ HTTP/1.1" 200 2283
[16/Sep/2026 23:01:23] "GET /api/notifications/summary/ HTTP/1.1" 200 2283
[16/Sep/2026 23:01:31] "GET /api/notifications/summary/ HTTP/1.1" 200 2283
[16/Sep/2026 23:02:02] "GET /api/notifications/summary/ HTTP/1.1" 200 2283
[16/Sep/2026 23:02:33] "GET /api/notifications/summary/ HTTP/1.1" 200 2283
[16/Sep/2026 23:03:03] "GET /api/notifications/summary/ HTTP/1.1" 200 2283
[16/Sep/2026 23:03:24] "GET /api/notifications/summary/ HTTP/1.1" 200 2283
[16/Sep/2026 23:03:34] "GET /api/notifications/summary/ HTTP/1.1" 200 2283
[16/Sep/2026 23:04:05] "GET /api/notifications/summary/ HTTP/1.1" 200 2283
Unauthorized: /api/notifications/summary/
[16/Sep/2026 23:04:24] "GET /api/notifications/summary/ HTTP/1.1" 401 172
[16/Sep/2026 23:04:25] "POST /api/auth/refresh/ HTTP/1.1" 200 625
[16/Sep/2026 23:04:26] "GET /api/auth/me/ HTTP/1.1" 200 298
[16/Sep/2026 23:04:26] "GET /api/notifications/summary/ HTTP/1.1" 200 2283
[16/Sep/2026 23:04:35] "GET /api/notifications/summary/ HTTP/1.1" 200 2283
[16/Sep/2026 23:04:41] "GET /api/leads/?page_size=500&ordering=-created_at HTTP/1.1" 200 77097
[16/Sep/2026 23:05:06] "GET /api/notifications/summary/ HTTP/1.1" 200 2283
[16/Sep/2026 23:05:36] "OPTIONS /api/notifications/summary/ HTTP/1.1" 200 0
[16/Sep/2026 23:05:37] "GET /api/notifications/summary/ HTTP/1.1" 200 2283
[16/Sep/2026 23:06:08] "GET /api/notifications/summary/ HTTP/1.1" 200 2283
[16/Sep/2026 23:06:27] "GET /api/notifications/summary/ HTTP/1.1" 200 2283
[16/Sep/2026 23:06:38] "GET /api/notifications/summary/ HTTP/1.1" 200 2283
[16/Sep/2026 23:06:42] "GET /api/sales-targets/ HTTP/1.1" 200 957
[16/Sep/2026 23:06:42] "GET /api/sales-targets/ HTTP/1.1" 200 957
[16/Sep/2026 23:06:42] "GET /api/bookings/?page_size=500 HTTP/1.1" 200 32625
[16/Sep/2026 23:06:43] "GET /api/bookings/?page_size=500 HTTP/1.1" 200 32625
[16/Sep/2026 23:06:56] "GET /api/leads/?page_size=500&ordering=-created_at HTTP/1.1" 200 77097
[16/Sep/2026 23:06:57] "GET /api/leads/?page_size=500&ordering=-created_at HTTP/1.1" 200 77097
[16/Sep/2026 23:07:09] "GET /api/notifications/summary/ HTTP/1.1" 200 2283
[16/Sep/2026 23:07:28] "GET /api/notifications/summary/ HTTP/1.1" 200 2283
[16/Sep/2026 23:07:40] "GET /api/notifications/summary/ HTTP/1.1" 200 2283
[16/Sep/2026 23:08:10] "GET /api/notifications/summary/ HTTP/1.1" 200 2283
[16/Sep/2026 23:08:41] "GET /api/notifications/summary/ HTTP/1.1" 200 2283
[16/Sep/2026 23:09:12] "GET /api/notifications/summary/ HTTP/1.1" 200 2283
[16/Sep/2026 23:09:43] "GET /api/notifications/summary/ HTTP/1.1" 200 2283
[16/Sep/2026 23:10:14] "GET /api/notifications/summary/ HTTP/1.1" 200 2283
[16/Sep/2026 23:10:46] "GET /api/notifications/summary/ HTTP/1.1" 200 2283
Unauthorized: /api/notifications/summary/
[16/Sep/2026 23:11:16] "GET /api/notifications/summary/ HTTP/1.1" 401 172
[16/Sep/2026 23:11:16] "OPTIONS /api/auth/refresh/ HTTP/1.1" 200 0
[16/Sep/2026 23:11:17] "POST /api/auth/refresh/ HTTP/1.1" 200 625
[16/Sep/2026 23:11:17] "OPTIONS /api/leads/?page_size=500&ordering=-created_at HTTP/1.1" 200 0
[16/Sep/2026 23:11:17] "OPTIONS /api/auth/me/ HTTP/1.1" 200 0
[16/Sep/2026 23:11:18] "GET /api/auth/me/ HTTP/1.1" 200 298
[16/Sep/2026 23:11:18] "GET /api/notifications/summary/ HTTP/1.1" 200 2283
[16/Sep/2026 23:11:32] "GET /api/leads/?page_size=500&ordering=-created_at HTTP/1.1" 200 77097
[16/Sep/2026 23:11:49] "GET /api/notifications/summary/ HTTP/1.1" 200 2283
[16/Sep/2026 23:12:19] "GET /api/notifications/summary/ HTTP/1.1" 200 2283
[16/Sep/2026 23:12:50] "GET /api/notifications/summary/ HTTP/1.1" 200 2283
[16/Sep/2026 23:13:21] "GET /api/notifications/summary/ HTTP/1.1" 200 2283
[16/Sep/2026 23:13:52] "GET /api/notifications/summary/ HTTP/1.1" 200 2283
[16/Sep/2026 23:13:58] "GET /api/notifications/summary/ HTTP/1.1" 200 2283
[16/Sep/2026 23:14:00] "OPTIONS /api/events/?page_size=5000&ordering=start_date,start_time,id HTTP/1.1" 200 0
[16/Sep/2026 23:14:00] "OPTIONS /api/photographers/?page_size=500 HTTP/1.1" 200 0
[16/Sep/2026 23:14:00] "GET /api/auth/me/ HTTP/1.1" 200 298
[16/Sep/2026 23:14:00] "GET /api/notifications/summary/ HTTP/1.1" 200 2283
[16/Sep/2026 23:14:00] "GET /api/sales-targets/ HTTP/1.1" 200 957
[16/Sep/2026 23:14:01] "GET /api/bookings/?page_size=500 HTTP/1.1" 200 32625
[16/Sep/2026 23:14:01] "GET /api/photographers/?page_size=500 HTTP/1.1" 200 18896
[16/Sep/2026 23:14:10] "GET /api/events/?page_size=5000&ordering=start_date,start_time,id HTTP/1.1" 200 999676
[16/Sep/2026 23:14:13] "GET /api/leads/?page_size=500&ordering=-created_at HTTP/1.1" 200 77097
[16/Sep/2026 23:14:28] "GET /api/notifications/summary/ HTTP/1.1" 200 2283
[16/Sep/2026 23:14:31] "GET /api/notifications/summary/ HTTP/1.1" 200 2283
[16/Sep/2026 23:15:02] "GET /api/notifications/summary/ HTTP/1.1" 200 2283
[16/Sep/2026 23:15:32] "GET /api/notifications/summary/ HTTP/1.1" 200 2283
[16/Sep/2026 23:15:59] "GET /api/notifications/summary/ HTTP/1.1" 200 2283
[16/Sep/2026 23:16:03] "GET /api/notifications/summary/ HTTP/1.1" 200 2283
[16/Sep/2026 23:16:07] "GET /api/auth/me/ HTTP/1.1" 200 298
[16/Sep/2026 23:16:07] "GET /api/bookings/?page_size=500 HTTP/1.1" 200 32625
[16/Sep/2026 23:16:08] "GET /api/notifications/summary/ HTTP/1.1" 200 2283
[16/Sep/2026 23:16:08] "GET /api/sales-targets/ HTTP/1.1" 200 957
[16/Sep/2026 23:16:08] "GET /api/photographers/?page_size=500 HTTP/1.1" 200 18896
[16/Sep/2026 23:16:22] "GET /api/leads/?page_size=500&ordering=-created_at HTTP/1.1" 200 77097
[16/Sep/2026 23:16:27] "GET /api/events/?page_size=5000&ordering=start_date,start_time,id HTTP/1.1" 200 999676
[16/Sep/2026 23:16:34] "GET /api/notifications/summary/ HTTP/1.1" 200 2283
[16/Sep/2026 23:17:04] "GET /api/notifications/summary/ HTTP/1.1" 200 2283
[16/Sep/2026 23:17:09] "GET /api/notifications/summary/ HTTP/1.1" 200 2283
[16/Sep/2026 23:17:36] "GET /api/notifications/summary/ HTTP/1.1" 200 2283
[16/Sep/2026 23:17:39] "GET /api/notifications/summary/ HTTP/1.1" 200 2283
[16/Sep/2026 23:17:47] "GET /api/bookings/?page_size=500 HTTP/1.1" 200 32625
[16/Sep/2026 23:17:47] "GET /api/sales-targets/ HTTP/1.1" 200 957
[16/Sep/2026 23:18:02] "GET /api/leads/?page_size=500&ordering=-created_at HTTP/1.1" 200 77097
[16/Sep/2026 23:18:07] "GET /api/notifications/summary/ HTTP/1.1" 200 2283
[16/Sep/2026 23:18:11] "GET /api/notifications/summary/ HTTP/1.1" 200 2283
[16/Sep/2026 23:18:37] "GET /api/notifications/summary/ HTTP/1.1" 200 2283
[16/Sep/2026 23:18:41] "GET /api/notifications/summary/ HTTP/1.1" 200 2283
[16/Sep/2026 23:19:08] "GET /api/notifications/summary/ HTTP/1.1" 200 2283
[16/Sep/2026 23:19:12] "GET /api/notifications/summary/ HTTP/1.1" 200 2283
[16/Sep/2026 23:19:39] "GET /api/notifications/summary/ HTTP/1.1" 200 2283
Unauthorized: /api/notifications/summary/
[16/Sep/2026 23:19:42] "GET /api/notifications/summary/ HTTP/1.1" 401 172
[16/Sep/2026 23:19:45] "POST /api/auth/refresh/ HTTP/1.1" 200 625
[16/Sep/2026 23:19:45] "GET /api/auth/me/ HTTP/1.1" 200 298
[16/Sep/2026 23:19:46] "GET /api/notifications/summary/ HTTP/1.1" 200 2283
[16/Sep/2026 23:20:01] "GET /api/leads/?page_size=500&ordering=-created_at HTTP/1.1" 200 77097
[16/Sep/2026 23:20:09] "GET /api/notifications/summary/ HTTP/1.1" 200 2283
[16/Sep/2026 23:20:40] "GET /api/notifications/summary/ HTTP/1.1" 200 2283
[16/Sep/2026 23:21:11] "GET /api/notifications/summary/ HTTP/1.1" 200 2283
[16/Sep/2026 23:21:42] "GET /api/notifications/summary/ HTTP/1.1" 200 2283
[16/Sep/2026 23:22:12] "GET /api/notifications/summary/ HTTP/1.1" 200 2283
[16/Sep/2026 23:22:16] "GET /api/notifications/summary/ HTTP/1.1" 200 2283
[16/Sep/2026 23:22:43] "GET /api/notifications/summary/ HTTP/1.1" 200 2283
[16/Sep/2026 23:23:14] "GET /api/notifications/summary/ HTTP/1.1" 200 2283
[16/Sep/2026 23:23:35] "GET /api/sales-targets/ HTTP/1.1" 200 957
[16/Sep/2026 23:23:35] "GET /api/auth/me/ HTTP/1.1" 200 298
[16/Sep/2026 23:23:36] "GET /api/bookings/?page_size=500 HTTP/1.1" 200 32625
[16/Sep/2026 23:23:36] "GET /api/notifications/summary/ HTTP/1.1" 200 2283
[16/Sep/2026 23:23:36] "GET /api/photographers/?page_size=500 HTTP/1.1" 200 18896
[16/Sep/2026 23:23:50] "GET /api/leads/?page_size=500&ordering=-created_at HTTP/1.1" 200 77097
[16/Sep/2026 23:23:52] "GET /api/events/?page_size=5000&ordering=start_date,start_time,id HTTP/1.1" 200 999676
[16/Sep/2026 23:24:07] "GET /api/notifications/summary/ HTTP/1.1" 200 2283
[16/Sep/2026 23:24:11] "GET /api/auth/me/ HTTP/1.1" 200 298
[16/Sep/2026 23:24:11] "GET /api/bookings/?page_size=500 HTTP/1.1" 200 32625
[16/Sep/2026 23:24:11] "GET /api/photographers/?page_size=500 HTTP/1.1" 200 18896
[16/Sep/2026 23:24:12] "GET /api/notifications/summary/ HTTP/1.1" 200 2283
[16/Sep/2026 23:24:12] "GET /api/sales-targets/ HTTP/1.1" 200 957
[16/Sep/2026 23:24:26] "GET /api/leads/?page_size=500&ordering=-created_at HTTP/1.1" 200 77097
[16/Sep/2026 23:24:31] "GET /api/events/?page_size=5000&ordering=start_date,start_time,id HTTP/1.1" 200 999676
[16/Sep/2026 23:24:42] "GET /api/notifications/summary/ HTTP/1.1" 200 2283
[16/Sep/2026 23:24:43] "GET /api/auth/me/ HTTP/1.1" 200 298
[16/Sep/2026 23:24:43] "GET /api/sales-targets/ HTTP/1.1" 200 957
[16/Sep/2026 23:24:43] "GET /api/notifications/summary/ HTTP/1.1" 200 2283
[16/Sep/2026 23:24:44] "GET /api/bookings/?page_size=500 HTTP/1.1" 200 32625
[16/Sep/2026 23:24:44] "GET /api/photographers/?page_size=500 HTTP/1.1" 200 18896
[16/Sep/2026 23:25:00] "GET /api/events/?page_size=5000&ordering=start_date,start_time,id HTTP/1.1" 200 999676
[16/Sep/2026 23:25:02] "GET /api/leads/?page_size=500&ordering=-created_at HTTP/1.1" 200 77097
[16/Sep/2026 23:25:14] "GET /api/notifications/summary/ HTTP/1.1" 200 2283
[16/Sep/2026 23:25:45] "GET /api/notifications/summary/ HTTP/1.1" 200 2283
[16/Sep/2026 23:25:53] "GET /api/notifications/summary/ HTTP/1.1" 200 2283
[16/Sep/2026 23:26:16] "GET /api/notifications/summary/ HTTP/1.1" 200 2283
[16/Sep/2026 23:26:24] "GET /api/notifications/summary/ HTTP/1.1" 200 2283
Unauthorized: /api/notifications/summary/
[16/Sep/2026 23:26:46] "GET /api/notifications/summary/ HTTP/1.1" 401 172
[16/Sep/2026 23:26:48] "POST /api/auth/refresh/ HTTP/1.1" 200 625
[16/Sep/2026 23:26:48] "GET /api/auth/me/ HTTP/1.1" 200 298
[16/Sep/2026 23:26:49] "GET /api/notifications/summary/ HTTP/1.1" 200 2283
[16/Sep/2026 23:27:06] "GET /api/leads/?page_size=500&ordering=-created_at HTTP/1.1" 200 77097
[16/Sep/2026 23:27:19] "GET /api/notifications/summary/ HTTP/1.1" 200 2283
[16/Sep/2026 23:27:50] "GET /api/notifications/summary/ HTTP/1.1" 200 2283
[16/Sep/2026 23:28:21] "GET /api/notifications/summary/ HTTP/1.1" 200 2283
[16/Sep/2026 23:28:51] "GET /api/notifications/summary/ HTTP/1.1" 200 2283
[16/Sep/2026 23:28:55] "GET /api/notifications/summary/ HTTP/1.1" 200 2283
[16/Sep/2026 23:29:22] "GET /api/notifications/summary/ HTTP/1.1" 200 2283
[16/Sep/2026 23:29:25] "GET /api/notifications/summary/ HTTP/1.1" 200 2283
[16/Sep/2026 23:29:54] "GET /api/notifications/summary/ HTTP/1.1" 200 2283
[16/Sep/2026 23:29:55] "GET /api/notifications/summary/ HTTP/1.1" 200 2283
[16/Sep/2026 23:29:55] "GET /api/bookings/?page_size=500 HTTP/1.1" 200 32625
[16/Sep/2026 23:29:55] "GET /api/auth/me/ HTTP/1.1" 200 298
[16/Sep/2026 23:29:55] "GET /api/sales-targets/ HTTP/1.1" 200 957
[16/Sep/2026 23:29:56] "GET /api/photographers/?page_size=500 HTTP/1.1" 200 18896
[16/Sep/2026 23:29:56] "GET /api/notifications/summary/ HTTP/1.1" 200 2283
[16/Sep/2026 23:30:10] "GET /api/events/?page_size=5000&ordering=start_date,start_time,id HTTP/1.1" 200 999676
[16/Sep/2026 23:30:10] "GET /api/leads/?page_size=500&ordering=-created_at HTTP/1.1" 200 77097
[16/Sep/2026 23:30:26] "GET /api/notifications/summary/ HTTP/1.1" 200 2283
[16/Sep/2026 23:30:27] "GET /api/notifications/summary/ HTTP/1.1" 200 2283
[16/Sep/2026 23:30:56] "GET /api/notifications/summary/ HTTP/1.1" 200 2283
[16/Sep/2026 23:30:58] "GET /api/notifications/summary/ HTTP/1.1" 200 2283
[16/Sep/2026 23:31:27] "GET /api/notifications/summary/ HTTP/1.1" 200 2283
[16/Sep/2026 23:31:28] "GET /api/notifications/summary/ HTTP/1.1" 200 2283
[16/Sep/2026 23:31:58] "GET /api/notifications/summary/ HTTP/1.1" 200 2283
[16/Sep/2026 23:31:59] "GET /api/notifications/summary/ HTTP/1.1" 200 2283
[16/Sep/2026 23:32:29] "GET /api/notifications/summary/ HTTP/1.1" 200 2283
[16/Sep/2026 23:32:30] "GET /api/notifications/summary/ HTTP/1.1" 200 2283
[16/Sep/2026 23:33:00] "GET /api/notifications/summary/ HTTP/1.1" 200 2283
[16/Sep/2026 23:33:00] "GET /api/notifications/summary/ HTTP/1.1" 200 2283
[16/Sep/2026 23:33:31] "GET /api/notifications/summary/ HTTP/1.1" 200 2283
[16/Sep/2026 23:33:32] "GET /api/notifications/summary/ HTTP/1.1" 200 2283
[16/Sep/2026 23:34:02] "GET /api/notifications/summary/ HTTP/1.1" 200 2283
[16/Sep/2026 23:34:02] "GET /api/notifications/summary/ HTTP/1.1" 200 2283
[16/Sep/2026 23:34:32] "GET /api/notifications/summary/ HTTP/1.1" 200 2283
[16/Sep/2026 23:34:33] "GET /api/notifications/summary/ HTTP/1.1" 200 2283
[16/Sep/2026 23:35:03] "GET /api/notifications/summary/ HTTP/1.1" 200 2283
[16/Sep/2026 23:35:35] "GET /api/notifications/summary/ HTTP/1.1" 200 2283
[16/Sep/2026 23:36:06] "GET /api/notifications/summary/ HTTP/1.1" 200 2283
[16/Sep/2026 23:36:36] "GET /api/notifications/summary/ HTTP/1.1" 200 2283
[16/Sep/2026 23:37:07] "GET /api/notifications/summary/ HTTP/1.1" 200 2283
[16/Sep/2026 23:37:38] "GET /api/notifications/summary/ HTTP/1.1" 200 2283
[16/Sep/2026 23:38:08] "GET /api/notifications/summary/ HTTP/1.1" 200 2283
[16/Sep/2026 23:38:40] "GET /api/notifications/summary/ HTTP/1.1" 200 2283
[16/Sep/2026 23:39:10] "GET /api/notifications/summary/ HTTP/1.1" 200 2283
[16/Sep/2026 23:39:41] "GET /api/notifications/summary/ HTTP/1.1" 200 2283
[16/Sep/2026 23:40:12] "GET /api/notifications/summary/ HTTP/1.1" 200 2283
[16/Sep/2026 23:40:43] "GET /api/notifications/summary/ HTTP/1.1" 200 2283
[16/Sep/2026 23:41:13] "GET /api/notifications/summary/ HTTP/1.1" 200 2283
[16/Sep/2026 23:41:44] "GET /api/notifications/summary/ HTTP/1.1" 200 2283
Unauthorized: /api/notifications/summary/
[16/Sep/2026 23:42:14] "GET /api/notifications/summary/ HTTP/1.1" 401 172
[16/Sep/2026 23:42:16] "POST /api/auth/refresh/ HTTP/1.1" 200 625
[16/Sep/2026 23:42:17] "GET /api/auth/me/ HTTP/1.1" 200 298
[16/Sep/2026 23:42:17] "GET /api/notifications/summary/ HTTP/1.1" 200 2283
[16/Sep/2026 23:42:30] "GET /api/leads/?page_size=500&ordering=-created_at HTTP/1.1" 200 77097
[16/Sep/2026 23:42:47] "GET /api/notifications/summary/ HTTP/1.1" 200 2283
[16/Sep/2026 23:43:18] "GET /api/notifications/summary/ HTTP/1.1" 200 2283
[16/Sep/2026 23:43:49] "GET /api/notifications/summary/ HTTP/1.1" 200 2283
[16/Sep/2026 23:44:20] "GET /api/notifications/summary/ HTTP/1.1" 200 2283
[16/Sep/2026 23:44:50] "GET /api/notifications/summary/ HTTP/1.1" 200 2283
[16/Sep/2026 23:45:21] "GET /api/notifications/summary/ HTTP/1.1" 200 2283
[16/Sep/2026 23:45:52] "GET /api/notifications/summary/ HTTP/1.1" 200 2283
[16/Sep/2026 23:46:23] "GET /api/notifications/summary/ HTTP/1.1" 200 2283
[16/Sep/2026 23:46:53] "GET /api/notifications/summary/ HTTP/1.1" 200 2283
[16/Sep/2026 23:47:25] "GET /api/notifications/summary/ HTTP/1.1" 200 2283
[16/Sep/2026 23:47:56] "GET /api/notifications/summary/ HTTP/1.1" 200 2283
[16/Sep/2026 23:48:26] "GET /api/notifications/summary/ HTTP/1.1" 200 2283
[16/Sep/2026 23:48:57] "GET /api/notifications/summary/ HTTP/1.1" 200 2283
[16/Sep/2026 23:49:27] "GET /api/notifications/summary/ HTTP/1.1" 200 2283
[16/Sep/2026 23:49:58] "GET /api/notifications/summary/ HTTP/1.1" 200 2283
[16/Sep/2026 23:50:29] "GET /api/notifications/summary/ HTTP/1.1" 200 2283
[16/Sep/2026 23:51:00] "GET /api/notifications/summary/ HTTP/1.1" 200 2283
[16/Sep/2026 23:51:30] "GET /api/notifications/summary/ HTTP/1.1" 200 2283
[16/Sep/2026 23:52:01] "GET /api/notifications/summary/ HTTP/1.1" 200 2283
[16/Sep/2026 23:52:32] "GET /api/notifications/summary/ HTTP/1.1" 200 2283
[16/Sep/2026 23:53:03] "GET /api/notifications/summary/ HTTP/1.1" 200 2283
[16/Sep/2026 23:53:34] "GET /api/notifications/summary/ HTTP/1.1" 200 2283
[16/Sep/2026 23:54:05] "GET /api/notifications/summary/ HTTP/1.1" 200 2283
[16/Sep/2026 23:54:35] "GET /api/notifications/summary/ HTTP/1.1" 200 2283
[16/Sep/2026 23:55:06] "GET /api/notifications/summary/ HTTP/1.1" 200 2283
[16/Sep/2026 23:55:37] "GET /api/notifications/summary/ HTTP/1.1" 200 2283
[16/Sep/2026 23:56:07] "GET /api/notifications/summary/ HTTP/1.1" 200 2283
[16/Sep/2026 23:56:38] "GET /api/notifications/summary/ HTTP/1.1" 200 2283
[16/Sep/2026 23:57:09] "GET /api/notifications/summary/ HTTP/1.1" 200 2283
Unauthorized: /api/notifications/summary/
[16/Sep/2026 23:57:39] "GET /api/notifications/summary/ HTTP/1.1" 401 172
[16/Sep/2026 23:57:40] "POST /api/auth/refresh/ HTTP/1.1" 200 625
[16/Sep/2026 23:57:41] "GET /api/auth/me/ HTTP/1.1" 200 298
[16/Sep/2026 23:57:41] "GET /api/notifications/summary/ HTTP/1.1" 200 2283
[16/Sep/2026 23:57:53] "GET /api/leads/?page_size=500&ordering=-created_at HTTP/1.1" 200 77097
[16/Sep/2026 23:58:12] "GET /api/notifications/summary/ HTTP/1.1" 200 2283
[16/Sep/2026 23:58:42] "GET /api/notifications/summary/ HTTP/1.1" 200 2283
[16/Sep/2026 23:59:13] "GET /api/notifications/summary/ HTTP/1.1" 200 2283
[16/Sep/2026 23:59:44] "GET /api/notifications/summary/ HTTP/1.1" 200 2283
[17/Sep/2026 00:00:15] "GET /api/notifications/summary/ HTTP/1.1" 200 2283
[17/Sep/2026 00:00:46] "GET /api/notifications/summary/ HTTP/1.1" 200 2283
[17/Sep/2026 00:01:16] "GET /api/notifications/summary/ HTTP/1.1" 200 2283
[17/Sep/2026 00:01:47] "GET /api/notifications/summary/ HTTP/1.1" 200 2283
[17/Sep/2026 00:02:18] "GET /api/notifications/summary/ HTTP/1.1" 200 2283
[17/Sep/2026 00:02:49] "GET /api/notifications/summary/ HTTP/1.1" 200 2283
[17/Sep/2026 00:03:19] "GET /api/notifications/summary/ HTTP/1.1" 200 2283
[17/Sep/2026 00:03:50] "GET /api/notifications/summary/ HTTP/1.1" 200 2283
[17/Sep/2026 00:04:21] "GET /api/notifications/summary/ HTTP/1.1" 200 2283
[17/Sep/2026 00:04:51] "GET /api/notifications/summary/ HTTP/1.1" 200 2283
[17/Sep/2026 00:05:22] "GET /api/notifications/summary/ HTTP/1.1" 200 2283
[17/Sep/2026 00:05:53] "GET /api/notifications/summary/ HTTP/1.1" 200 2283
[17/Sep/2026 00:06:23] "GET /api/notifications/summary/ HTTP/1.1" 200 2283
[17/Sep/2026 00:06:54] "GET /api/notifications/summary/ HTTP/1.1" 200 2283
[17/Sep/2026 00:07:25] "GET /api/notifications/summary/ HTTP/1.1" 200 2283
[17/Sep/2026 00:07:55] "GET /api/notifications/summary/ HTTP/1.1" 200 2283
[17/Sep/2026 00:08:26] "GET /api/notifications/summary/ HTTP/1.1" 200 2283
[17/Sep/2026 00:08:57] "GET /api/notifications/summary/ HTTP/1.1" 200 2283
[17/Sep/2026 00:09:27] "GET /api/notifications/summary/ HTTP/1.1" 200 2283
[17/Sep/2026 00:09:58] "GET /api/notifications/summary/ HTTP/1.1" 200 2283
[17/Sep/2026 00:10:28] "GET /api/notifications/summary/ HTTP/1.1" 200 2283
[17/Sep/2026 00:11:00] "GET /api/notifications/summary/ HTTP/1.1" 200 2283
[17/Sep/2026 00:11:30] "GET /api/notifications/summary/ HTTP/1.1" 200 2283
[17/Sep/2026 00:12:01] "GET /api/notifications/summary/ HTTP/1.1" 200 2283
[17/Sep/2026 00:12:32] "GET /api/notifications/summary/ HTTP/1.1" 200 2338
Unauthorized: /api/notifications/summary/
[17/Sep/2026 00:13:02] "GET /api/notifications/summary/ HTTP/1.1" 401 172
[17/Sep/2026 00:13:03] "POST /api/auth/refresh/ HTTP/1.1" 200 625
[17/Sep/2026 00:13:04] "GET /api/auth/me/ HTTP/1.1" 200 298
[17/Sep/2026 00:13:04] "GET /api/notifications/summary/ HTTP/1.1" 200 2338
[17/Sep/2026 00:13:17] "GET /api/leads/?page_size=500&ordering=-created_at HTTP/1.1" 200 77097
[17/Sep/2026 00:13:35] "GET /api/notifications/summary/ HTTP/1.1" 200 2338
[17/Sep/2026 00:14:05] "GET /api/notifications/summary/ HTTP/1.1" 200 2338
[17/Sep/2026 00:14:36] "GET /api/notifications/summary/ HTTP/1.1" 200 2338
[17/Sep/2026 00:15:07] "GET /api/notifications/summary/ HTTP/1.1" 200 2338
[17/Sep/2026 00:15:37] "GET /api/notifications/summary/ HTTP/1.1" 200 2338
[17/Sep/2026 00:16:08] "GET /api/notifications/summary/ HTTP/1.1" 200 2338
[17/Sep/2026 00:16:39] "GET /api/notifications/summary/ HTTP/1.1" 200 2338
[17/Sep/2026 00:17:09] "GET /api/notifications/summary/ HTTP/1.1" 200 2338
[17/Sep/2026 00:17:40] "GET /api/notifications/summary/ HTTP/1.1" 200 2338
[17/Sep/2026 00:18:11] "GET /api/notifications/summary/ HTTP/1.1" 200 2338
[17/Sep/2026 00:18:41] "GET /api/notifications/summary/ HTTP/1.1" 200 2338
[17/Sep/2026 00:19:12] "GET /api/notifications/summary/ HTTP/1.1" 200 2338
[17/Sep/2026 00:19:42] "GET /api/notifications/summary/ HTTP/1.1" 200 2338
[17/Sep/2026 00:20:13] "GET /api/notifications/summary/ HTTP/1.1" 200 2338
[17/Sep/2026 00:20:44] "GET /api/notifications/summary/ HTTP/1.1" 200 2338
[17/Sep/2026 00:21:14] "GET /api/notifications/summary/ HTTP/1.1" 200 2338
[17/Sep/2026 00:21:45] "GET /api/notifications/summary/ HTTP/1.1" 200 2338
[17/Sep/2026 00:22:16] "GET /api/notifications/summary/ HTTP/1.1" 200 2338
[17/Sep/2026 00:22:46] "GET /api/notifications/summary/ HTTP/1.1" 200 2338
[17/Sep/2026 00:23:17] "GET /api/notifications/summary/ HTTP/1.1" 200 2338
[17/Sep/2026 00:23:48] "GET /api/notifications/summary/ HTTP/1.1" 200 2338
[17/Sep/2026 00:24:18] "GET /api/notifications/summary/ HTTP/1.1" 200 2338
[17/Sep/2026 00:24:49] "GET /api/notifications/summary/ HTTP/1.1" 200 2338
[17/Sep/2026 00:25:13] "OPTIONS /api/notifications/summary/ HTTP/1.1" 200 0
Unauthorized: /api/notifications/summary/
[17/Sep/2026 00:25:13] "GET /api/notifications/summary/ HTTP/1.1" 401 172
[17/Sep/2026 00:25:13] "OPTIONS /api/auth/refresh/ HTTP/1.1" 200 0
[17/Sep/2026 00:25:14] "POST /api/auth/refresh/ HTTP/1.1" 200 625
[17/Sep/2026 00:25:14] "OPTIONS /api/auth/me/ HTTP/1.1" 200 0
[17/Sep/2026 00:25:14] "OPTIONS /api/leads/?page_size=500&ordering=-created_at HTTP/1.1" 200 0
[17/Sep/2026 00:25:15,229] - Broken pipe from ('127.0.0.1', 50516)
[17/Sep/2026 00:25:15,505] - Broken pipe from ('127.0.0.1', 54888)
[17/Sep/2026 00:25:15] "OPTIONS /api/bookings/?page_size=500 HTTP/1.1" 200 0
[17/Sep/2026 00:25:15] "OPTIONS /api/sales-targets/ HTTP/1.1" 200 0
[17/Sep/2026 00:25:15] "OPTIONS /api/events/?page_size=5000&ordering=start_date,start_time,id HTTP/1.1" 200 0
[17/Sep/2026 00:25:15] "OPTIONS /api/photographers/?page_size=500 HTTP/1.1" 200 0
[17/Sep/2026 00:25:16] "GET /api/sales-targets/ HTTP/1.1" 200 957
[17/Sep/2026 00:25:16] "GET /api/auth/me/ HTTP/1.1" 200 298
[17/Sep/2026 00:25:16] "GET /api/bookings/?page_size=500 HTTP/1.1" 200 32625
[17/Sep/2026 00:25:16] "GET /api/notifications/summary/ HTTP/1.1" 200 2338
[17/Sep/2026 00:25:16] "GET /api/photographers/?page_size=500 HTTP/1.1" 200 18896
[17/Sep/2026 00:25:20] "GET /api/notifications/summary/ HTTP/1.1" 200 2338
[17/Sep/2026 00:25:24] "GET /api/events/?page_size=5000&ordering=start_date,start_time,id HTTP/1.1" 200 999676
[17/Sep/2026 00:25:26,892] - Broken pipe from ('127.0.0.1', 55448)
[17/Sep/2026 00:25:28] "GET /api/leads/?page_size=500&ordering=-created_at HTTP/1.1" 200 77097
[17/Sep/2026 00:25:33] "OPTIONS /api/notifications/?page_size=20 HTTP/1.1" 200 0
[17/Sep/2026 00:25:34] "GET /api/notifications/?page_size=20 HTTP/1.1" 200 7011
[17/Sep/2026 00:25:37] "OPTIONS /api/notifications/read-all/ HTTP/1.1" 200 0
[17/Sep/2026 00:25:37] "POST /api/notifications/read-all/ HTTP/1.1" 200 14
[17/Sep/2026 00:25:38] "GET /api/notifications/?page_size=20 HTTP/1.1" 200 7504
[17/Sep/2026 00:25:38] "GET /api/notifications/summary/ HTTP/1.1" 200 2327
[17/Sep/2026 00:25:38] "GET /api/photographers/?page_size=500 HTTP/1.1" 200 18896
[17/Sep/2026 00:25:38] "GET /api/notifications/summary/ HTTP/1.1" 200 2327
[17/Sep/2026 00:25:38] "GET /api/notifications/?page_size=20 HTTP/1.1" 200 7504
[17/Sep/2026 00:25:46] "GET /api/sales-targets/ HTTP/1.1" 200 957
[17/Sep/2026 00:25:46] "GET /api/events/?page_size=5000&ordering=start_date,start_time,id HTTP/1.1" 200 999676
[17/Sep/2026 00:25:47] "GET /api/bookings/?page_size=500 HTTP/1.1" 200 32625
[17/Sep/2026 00:25:50] "GET /api/notifications/summary/ HTTP/1.1" 200 2327
[17/Sep/2026 00:25:58] "GET /api/leads/?page_size=500&ordering=-created_at HTTP/1.1" 200 77097
[17/Sep/2026 00:26:21] "GET /api/notifications/summary/ HTTP/1.1" 200 2327
[17/Sep/2026 00:26:52] "GET /api/notifications/summary/ HTTP/1.1" 200 2327
[17/Sep/2026 00:27:22] "GET /api/notifications/summary/ HTTP/1.1" 200 2327
[17/Sep/2026 00:27:53] "GET /api/notifications/summary/ HTTP/1.1" 200 2327
Unauthorized: /api/notifications/summary/
[17/Sep/2026 00:28:23] "GET /api/notifications/summary/ HTTP/1.1" 401 172
[17/Sep/2026 00:28:25] "POST /api/auth/refresh/ HTTP/1.1" 200 625
[17/Sep/2026 00:28:25] "GET /api/auth/me/ HTTP/1.1" 200 298
[17/Sep/2026 00:28:25] "GET /api/notifications/summary/ HTTP/1.1" 200 2327
[17/Sep/2026 00:28:37] "GET /api/leads/?page_size=500&ordering=-created_at HTTP/1.1" 200 77097
[17/Sep/2026 00:28:56] "GET /api/notifications/summary/ HTTP/1.1" 200 2327
[17/Sep/2026 00:29:27] "GET /api/notifications/summary/ HTTP/1.1" 200 2327
[17/Sep/2026 00:29:58] "GET /api/notifications/summary/ HTTP/1.1" 200 2327
[17/Sep/2026 00:30:28] "GET /api/notifications/summary/ HTTP/1.1" 200 2327
[17/Sep/2026 00:30:39] "GET /api/notifications/summary/ HTTP/1.1" 200 2327
[17/Sep/2026 00:30:59] "GET /api/notifications/summary/ HTTP/1.1" 200 2327
[17/Sep/2026 00:31:10] "GET /api/notifications/summary/ HTTP/1.1" 200 2327
[17/Sep/2026 00:31:30] "GET /api/notifications/summary/ HTTP/1.1" 200 2327
[17/Sep/2026 00:31:40] "GET /api/notifications/summary/ HTTP/1.1" 200 2327
[17/Sep/2026 00:32:00] "GET /api/notifications/summary/ HTTP/1.1" 200 2327
[17/Sep/2026 00:32:11] "GET /api/notifications/summary/ HTTP/1.1" 200 2327
[17/Sep/2026 00:32:31] "GET /api/notifications/summary/ HTTP/1.1" 200 2327
[17/Sep/2026 00:32:42] "GET /api/notifications/summary/ HTTP/1.1" 200 2327
[17/Sep/2026 00:33:02] "GET /api/notifications/summary/ HTTP/1.1" 200 2327
[17/Sep/2026 00:33:32] "GET /api/notifications/summary/ HTTP/1.1" 200 2327
[17/Sep/2026 00:34:03] "GET /api/notifications/summary/ HTTP/1.1" 200 2327
[17/Sep/2026 00:34:33] "GET /api/notifications/summary/ HTTP/1.1" 200 2327
[17/Sep/2026 00:35:04] "GET /api/notifications/summary/ HTTP/1.1" 200 2327
[17/Sep/2026 00:35:35] "GET /api/notifications/summary/ HTTP/1.1" 200 2327
[17/Sep/2026 00:36:05] "GET /api/notifications/summary/ HTTP/1.1" 200 2327
[17/Sep/2026 00:36:32] "OPTIONS /api/bookings/?page_size=500 HTTP/1.1" 200 0
[17/Sep/2026 00:36:32] "OPTIONS /api/sales-targets/ HTTP/1.1" 200 0
[17/Sep/2026 00:36:33] "GET /api/bookings/?page_size=500 HTTP/1.1" 200 32625
[17/Sep/2026 00:36:33] "GET /api/sales-targets/ HTTP/1.1" 200 957
[17/Sep/2026 00:36:33] "GET /api/sales-targets/ HTTP/1.1" 200 957
[17/Sep/2026 00:36:33] "GET /api/bookings/?page_size=500 HTTP/1.1" 200 32625
[17/Sep/2026 00:36:36] "GET /api/notifications/summary/ HTTP/1.1" 200 2327
[17/Sep/2026 00:36:42] "GET /api/notifications/summary/ HTTP/1.1" 200 2327
[17/Sep/2026 00:36:45] "GET /api/leads/?page_size=500&ordering=-created_at HTTP/1.1" 200 77097
[17/Sep/2026 00:36:48] "GET /api/leads/?page_size=500&ordering=-created_at HTTP/1.1" 200 77097
[17/Sep/2026 00:37:07] "GET /api/notifications/summary/ HTTP/1.1" 200 2327
[17/Sep/2026 00:37:37] "GET /api/notifications/summary/ HTTP/1.1" 200 2327
[17/Sep/2026 00:37:43] "GET /api/notifications/summary/ HTTP/1.1" 200 2327
[17/Sep/2026 00:38:08] "GET /api/notifications/summary/ HTTP/1.1" 200 2327
[17/Sep/2026 00:38:14] "GET /api/notifications/summary/ HTTP/1.1" 200 2327
[17/Sep/2026 00:38:39] "GET /api/notifications/summary/ HTTP/1.1" 200 2327
[17/Sep/2026 00:39:09] "GET /api/notifications/summary/ HTTP/1.1" 200 2327
[17/Sep/2026 00:39:40] "GET /api/notifications/summary/ HTTP/1.1" 200 2327
[17/Sep/2026 00:40:11] "GET /api/notifications/summary/ HTTP/1.1" 200 2327
[17/Sep/2026 00:40:41] "GET /api/notifications/summary/ HTTP/1.1" 200 2327
[17/Sep/2026 00:41:12] "GET /api/notifications/summary/ HTTP/1.1" 200 2327
[17/Sep/2026 00:41:43] "GET /api/notifications/summary/ HTTP/1.1" 200 2327
[17/Sep/2026 00:42:13] "GET /api/notifications/summary/ HTTP/1.1" 200 2327
[17/Sep/2026 00:42:44] "GET /api/notifications/summary/ HTTP/1.1" 200 2327
[17/Sep/2026 00:43:15] "GET /api/notifications/summary/ HTTP/1.1" 200 2327
Unauthorized: /api/notifications/summary/
[17/Sep/2026 00:43:45] "GET /api/notifications/summary/ HTTP/1.1" 401 172
[17/Sep/2026 00:43:46] "POST /api/auth/refresh/ HTTP/1.1" 200 625
[17/Sep/2026 00:43:47] "GET /api/auth/me/ HTTP/1.1" 200 298
[17/Sep/2026 00:43:47] "GET /api/notifications/summary/ HTTP/1.1" 200 2327
[17/Sep/2026 00:43:58] "GET /api/leads/?page_size=500&ordering=-created_at HTTP/1.1" 200 77097
[17/Sep/2026 00:44:18] "GET /api/notifications/summary/ HTTP/1.1" 200 2327
Unauthorized: /api/notifications/summary/
[17/Sep/2026 00:44:44] "GET /api/notifications/summary/ HTTP/1.1" 401 172
[17/Sep/2026 00:44:45] "POST /api/auth/refresh/ HTTP/1.1" 200 625
[17/Sep/2026 00:44:45] "GET /api/auth/me/ HTTP/1.1" 200 298
[17/Sep/2026 00:44:45] "GET /api/notifications/summary/ HTTP/1.1" 200 2327
[17/Sep/2026 00:44:48] "GET /api/notifications/summary/ HTTP/1.1" 200 2327
[17/Sep/2026 00:45:00] "GET /api/leads/?page_size=500&ordering=-created_at HTTP/1.1" 200 77097
[17/Sep/2026 00:45:19] "GET /api/notifications/summary/ HTTP/1.1" 200 2327
[17/Sep/2026 00:45:47] "GET /api/auth/me/ HTTP/1.1" 200 298
[17/Sep/2026 00:45:47] "GET /api/notifications/summary/ HTTP/1.1" 200 2327
[17/Sep/2026 00:45:47] "GET /api/sales-targets/ HTTP/1.1" 200 957
[17/Sep/2026 00:45:48] "GET /api/bookings/?page_size=500 HTTP/1.1" 200 32625
[17/Sep/2026 00:45:48] "GET /api/photographers/?page_size=500 HTTP/1.1" 200 18896
[17/Sep/2026 00:45:57] "GET /api/events/?page_size=5000&ordering=start_date,start_time,id HTTP/1.1" 200 999676
[17/Sep/2026 00:45:59] "GET /api/leads/?page_size=500&ordering=-created_at HTTP/1.1" 200 77097
[17/Sep/2026 00:46:18] "GET /api/notifications/summary/ HTTP/1.1" 200 2327
[17/Sep/2026 00:46:49] "GET /api/notifications/summary/ HTTP/1.1" 200 2327
[17/Sep/2026 00:47:19] "GET /api/notifications/summary/ HTTP/1.1" 200 2327
[17/Sep/2026 00:47:50] "GET /api/notifications/summary/ HTTP/1.1" 200 2327
[17/Sep/2026 00:48:21] "GET /api/notifications/summary/ HTTP/1.1" 200 2327
[17/Sep/2026 00:48:51] "GET /api/notifications/summary/ HTTP/1.1" 200 2327
[17/Sep/2026 00:48:57] "GET /api/notifications/summary/ HTTP/1.1" 200 2327
[17/Sep/2026 00:49:22] "GET /api/notifications/summary/ HTTP/1.1" 200 2327
[17/Sep/2026 00:49:28] "GET /api/notifications/summary/ HTTP/1.1" 200 2327
[17/Sep/2026 00:49:53] "GET /api/notifications/summary/ HTTP/1.1" 200 2327
[17/Sep/2026 00:49:58] "GET /api/notifications/summary/ HTTP/1.1" 200 2327
[17/Sep/2026 00:50:23] "GET /api/notifications/summary/ HTTP/1.1" 200 2327
[17/Sep/2026 00:50:54] "GET /api/notifications/summary/ HTTP/1.1" 200 2327
[17/Sep/2026 00:51:20] "GET /api/sales-targets/ HTTP/1.1" 200 957
[17/Sep/2026 00:51:20] "GET /api/bookings/?page_size=500 HTTP/1.1" 200 32625
[17/Sep/2026 00:51:20] "GET /api/bookings/?page_size=500 HTTP/1.1" 200 32625
[17/Sep/2026 00:51:20] "GET /api/sales-targets/ HTTP/1.1" 200 957
[17/Sep/2026 00:51:24] "GET /api/notifications/summary/ HTTP/1.1" 200 2327
[17/Sep/2026 00:51:31] "GET /api/leads/?page_size=500&ordering=-created_at HTTP/1.1" 200 77097
[17/Sep/2026 00:51:31] "GET /api/leads/?page_size=500&ordering=-created_at HTTP/1.1" 200 77097
[17/Sep/2026 00:51:55] "GET /api/notifications/summary/ HTTP/1.1" 200 2327
[17/Sep/2026 00:52:26] "GET /api/notifications/summary/ HTTP/1.1" 200 2327
[17/Sep/2026 00:52:28] "GET /api/bookings/?page_size=500 HTTP/1.1" 200 32625
[17/Sep/2026 00:52:28] "GET /api/sales-targets/ HTTP/1.1" 200 957
[17/Sep/2026 00:52:28] "GET /api/sales-targets/ HTTP/1.1" 200 957
[17/Sep/2026 00:52:28] "GET /api/bookings/?page_size=500 HTTP/1.1" 200 32625
[17/Sep/2026 00:52:40] "GET /api/leads/?page_size=500&ordering=-created_at HTTP/1.1" 200 77097
[17/Sep/2026 00:52:44] "GET /api/leads/?page_size=500&ordering=-created_at HTTP/1.1" 200 77097
[17/Sep/2026 00:52:57] "GET /api/notifications/summary/ HTTP/1.1" 200 2327
[17/Sep/2026 00:53:27] "GET /api/notifications/summary/ HTTP/1.1" 200 2327
[17/Sep/2026 00:53:58] "GET /api/notifications/summary/ HTTP/1.1" 200 2327
[17/Sep/2026 00:54:28] "GET /api/notifications/summary/ HTTP/1.1" 200 2327
[17/Sep/2026 00:54:59] "GET /api/notifications/summary/ HTTP/1.1" 200 2327
[17/Sep/2026 00:55:30] "GET /api/notifications/summary/ HTTP/1.1" 200 2327
[17/Sep/2026 00:56:00] "GET /api/notifications/summary/ HTTP/1.1" 200 2327
[17/Sep/2026 00:56:31] "GET /api/notifications/summary/ HTTP/1.1" 200 2327
[17/Sep/2026 00:57:02] "GET /api/notifications/summary/ HTTP/1.1" 200 2327
[17/Sep/2026 00:57:32] "GET /api/notifications/summary/ HTTP/1.1" 200 2327
[17/Sep/2026 00:58:03] "GET /api/notifications/summary/ HTTP/1.1" 200 2327
[17/Sep/2026 00:58:34] "GET /api/notifications/summary/ HTTP/1.1" 200 2327
Unauthorized: /api/notifications/summary/
[17/Sep/2026 00:59:04] "GET /api/notifications/summary/ HTTP/1.1" 401 172
[17/Sep/2026 00:59:05] "POST /api/auth/refresh/ HTTP/1.1" 200 625
[17/Sep/2026 00:59:06] "GET /api/auth/me/ HTTP/1.1" 200 298
[17/Sep/2026 00:59:06] "GET /api/notifications/summary/ HTTP/1.1" 200 2327
[17/Sep/2026 00:59:19] "GET /api/leads/?page_size=500&ordering=-created_at HTTP/1.1" 200 77097
[17/Sep/2026 00:59:36] "GET /api/notifications/summary/ HTTP/1.1" 200 2327
[17/Sep/2026 01:00:07] "GET /api/notifications/summary/ HTTP/1.1" 200 2327
[17/Sep/2026 01:00:38] "GET /api/notifications/summary/ HTTP/1.1" 200 2327
[17/Sep/2026 01:01:08] "GET /api/notifications/summary/ HTTP/1.1" 200 2327
[17/Sep/2026 01:01:39] "GET /api/notifications/summary/ HTTP/1.1" 200 2327
[17/Sep/2026 01:02:10] "GET /api/notifications/summary/ HTTP/1.1" 200 2327
[17/Sep/2026 01:02:40] "GET /api/notifications/summary/ HTTP/1.1" 200 2327
[17/Sep/2026 01:03:11] "GET /api/notifications/summary/ HTTP/1.1" 200 2327
[17/Sep/2026 01:03:42] "GET /api/notifications/summary/ HTTP/1.1" 200 2327
[17/Sep/2026 01:04:12] "GET /api/notifications/summary/ HTTP/1.1" 200 2327
[17/Sep/2026 01:04:43] "GET /api/notifications/summary/ HTTP/1.1" 200 2327
[17/Sep/2026 01:05:14] "GET /api/notifications/summary/ HTTP/1.1" 200 2327
[17/Sep/2026 01:05:44] "OPTIONS /api/notifications/summary/ HTTP/1.1" 200 0
[17/Sep/2026 01:05:44] "GET /api/notifications/summary/ HTTP/1.1" 200 2327
[17/Sep/2026 01:06:15] "GET /api/notifications/summary/ HTTP/1.1" 200 2327
[17/Sep/2026 01:06:46] "GET /api/notifications/summary/ HTTP/1.1" 200 2327
[17/Sep/2026 01:07:16] "GET /api/notifications/summary/ HTTP/1.1" 200 2327
[17/Sep/2026 01:07:47] "GET /api/notifications/summary/ HTTP/1.1" 200 2327
[17/Sep/2026 01:08:18] "GET /api/notifications/summary/ HTTP/1.1" 200 2327
[17/Sep/2026 01:08:48] "GET /api/notifications/summary/ HTTP/1.1" 200 2327
[17/Sep/2026 01:09:19] "GET /api/notifications/summary/ HTTP/1.1" 200 2327
[17/Sep/2026 01:09:49] "GET /api/notifications/summary/ HTTP/1.1" 200 2327
[17/Sep/2026 01:10:20] "GET /api/notifications/summary/ HTTP/1.1" 200 2327
[17/Sep/2026 01:10:51] "GET /api/notifications/summary/ HTTP/1.1" 200 2327
[17/Sep/2026 01:11:21] "GET /api/notifications/summary/ HTTP/1.1" 200 2327
[17/Sep/2026 01:11:52] "GET /api/notifications/summary/ HTTP/1.1" 200 2327
[17/Sep/2026 01:12:23] "GET /api/notifications/summary/ HTTP/1.1" 200 2327
Unauthorized: /api/notifications/summary/
[17/Sep/2026 01:12:42] "GET /api/notifications/summary/ HTTP/1.1" 401 172
[17/Sep/2026 01:12:43] "POST /api/auth/refresh/ HTTP/1.1" 200 625
[17/Sep/2026 01:12:44] "GET /api/auth/me/ HTTP/1.1" 200 298
[17/Sep/2026 01:12:44] "GET /api/notifications/summary/ HTTP/1.1" 200 2327
[17/Sep/2026 01:12:53] "GET /api/notifications/summary/ HTTP/1.1" 200 2327
[17/Sep/2026 01:12:58] "GET /api/leads/?page_size=500&ordering=-created_at HTTP/1.1" 200 77097
[17/Sep/2026 01:13:24] "GET /api/notifications/summary/ HTTP/1.1" 200 2327
[17/Sep/2026 01:13:55] "GET /api/notifications/summary/ HTTP/1.1" 200 2327
Unauthorized: /api/notifications/summary/
[17/Sep/2026 01:14:25] "GET /api/notifications/summary/ HTTP/1.1" 401 172
[17/Sep/2026 01:14:25] "OPTIONS /api/auth/refresh/ HTTP/1.1" 200 0
[17/Sep/2026 01:14:26] "POST /api/auth/refresh/ HTTP/1.1" 200 625
[17/Sep/2026 01:14:26] "OPTIONS /api/auth/me/ HTTP/1.1" 200 0
[17/Sep/2026 01:14:26] "OPTIONS /api/leads/?page_size=500&ordering=-created_at HTTP/1.1" 200 0
[17/Sep/2026 01:14:26] "GET /api/auth/me/ HTTP/1.1" 200 298
[17/Sep/2026 01:14:27] "GET /api/notifications/summary/ HTTP/1.1" 200 2327
[17/Sep/2026 01:14:38] "GET /api/leads/?page_size=500&ordering=-created_at HTTP/1.1" 200 77097
[17/Sep/2026 01:14:44] "GET /api/notifications/summary/ HTTP/1.1" 200 2327
[17/Sep/2026 01:14:57] "GET /api/photographers/?page_size=500 HTTP/1.1" 200 18896
[17/Sep/2026 01:14:57] "GET /api/notifications/summary/ HTTP/1.1" 200 2327
[17/Sep/2026 01:14:59] "GET /api/sales-targets/ HTTP/1.1" 200 957
[17/Sep/2026 01:14:59] "GET /api/bookings/?page_size=500 HTTP/1.1" 200 32625
[17/Sep/2026 01:15:07] "GET /api/events/?page_size=5000&ordering=start_date,start_time,id HTTP/1.1" 200 999676
[17/Sep/2026 01:15:11] "GET /api/leads/?page_size=500&ordering=-created_at HTTP/1.1" 200 77097
[17/Sep/2026 01:15:15] "GET /api/notifications/summary/ HTTP/1.1" 200 2327
[17/Sep/2026 01:15:28] "GET /api/notifications/summary/ HTTP/1.1" 200 2327
[17/Sep/2026 01:15:59] "GET /api/notifications/summary/ HTTP/1.1" 200 2327
[17/Sep/2026 01:16:29] "GET /api/notifications/summary/ HTTP/1.1" 200 2327
[17/Sep/2026 01:17:00] "GET /api/notifications/summary/ HTTP/1.1" 200 2327
[17/Sep/2026 01:17:31] "GET /api/notifications/summary/ HTTP/1.1" 200 2327
[17/Sep/2026 01:18:01] "GET /api/notifications/summary/ HTTP/1.1" 200 2327
[17/Sep/2026 01:18:32] "GET /api/notifications/summary/ HTTP/1.1" 200 2327
[17/Sep/2026 01:19:02] "GET /api/notifications/summary/ HTTP/1.1" 200 2327
[17/Sep/2026 01:19:33] "GET /api/notifications/summary/ HTTP/1.1" 200 2327
[17/Sep/2026 01:20:04] "GET /api/notifications/summary/ HTTP/1.1" 200 2327
[17/Sep/2026 01:20:34] "GET /api/notifications/summary/ HTTP/1.1" 200 2327
[17/Sep/2026 01:21:05] "GET /api/notifications/summary/ HTTP/1.1" 200 2327
[17/Sep/2026 01:21:36] "GET /api/notifications/summary/ HTTP/1.1" 200 2327
[17/Sep/2026 01:22:06] "GET /api/notifications/summary/ HTTP/1.1" 200 2327
[17/Sep/2026 01:22:17] "GET /api/sales-targets/ HTTP/1.1" 200 957
[17/Sep/2026 01:22:18] "GET /api/sales-targets/ HTTP/1.1" 200 957
[17/Sep/2026 01:22:18] "GET /api/bookings/?page_size=500 HTTP/1.1" 200 32625
[17/Sep/2026 01:22:18] "GET /api/bookings/?page_size=500 HTTP/1.1" 200 32625
[17/Sep/2026 01:22:30] "GET /api/leads/?page_size=500&ordering=-created_at HTTP/1.1" 200 77097
[17/Sep/2026 01:22:31] "GET /api/leads/?page_size=500&ordering=-created_at HTTP/1.1" 200 77097
[17/Sep/2026 01:22:37] "GET /api/notifications/summary/ HTTP/1.1" 200 2327
[17/Sep/2026 01:23:08] "GET /api/notifications/summary/ HTTP/1.1" 200 2327
[17/Sep/2026 01:23:38] "GET /api/notifications/summary/ HTTP/1.1" 200 2327
[17/Sep/2026 01:24:09] "GET /api/notifications/summary/ HTTP/1.1" 200 2327
[17/Sep/2026 01:24:40] "GET /api/notifications/summary/ HTTP/1.1" 200 2327
[17/Sep/2026 01:24:59] "GET /api/notifications/summary/ HTTP/1.1" 200 2327
[17/Sep/2026 01:25:10] "GET /api/notifications/summary/ HTTP/1.1" 200 2327
[17/Sep/2026 01:25:41] "GET /api/notifications/summary/ HTTP/1.1" 200 2327
[17/Sep/2026 01:26:12] "GET /api/notifications/summary/ HTTP/1.1" 200 2327
[17/Sep/2026 01:26:30] "GET /api/notifications/summary/ HTTP/1.1" 200 2327
[17/Sep/2026 01:26:42] "GET /api/notifications/summary/ HTTP/1.1" 200 2327
[17/Sep/2026 01:27:13] "GET /api/notifications/summary/ HTTP/1.1" 200 2327
[17/Sep/2026 01:27:31] "GET /api/notifications/summary/ HTTP/1.1" 200 2327
[17/Sep/2026 01:27:43] "GET /api/notifications/summary/ HTTP/1.1" 200 2327
Unauthorized: /api/notifications/summary/
[17/Sep/2026 01:28:01] "GET /api/notifications/summary/ HTTP/1.1" 401 172
[17/Sep/2026 01:28:02] "POST /api/auth/refresh/ HTTP/1.1" 200 625
[17/Sep/2026 01:28:03] "GET /api/notifications/summary/ HTTP/1.1" 200 2327
[17/Sep/2026 01:28:03] "GET /api/auth/me/ HTTP/1.1" 200 298
[17/Sep/2026 01:28:14] "GET /api/notifications/summary/ HTTP/1.1" 200 2327
[17/Sep/2026 01:28:14] "GET /api/leads/?page_size=500&ordering=-created_at HTTP/1.1" 200 77097
[17/Sep/2026 01:28:45] "GET /api/notifications/summary/ HTTP/1.1" 200 2327
[17/Sep/2026 01:29:03] "GET /api/notifications/summary/ HTTP/1.1" 200 2327
[17/Sep/2026 01:29:15] "GET /api/notifications/summary/ HTTP/1.1" 200 2327
[17/Sep/2026 01:29:34] "GET /api/notifications/summary/ HTTP/1.1" 200 2327
Unauthorized: /api/notifications/summary/
[17/Sep/2026 01:29:45] "GET /api/notifications/summary/ HTTP/1.1" 401 172
[17/Sep/2026 01:29:47] "POST /api/auth/refresh/ HTTP/1.1" 200 625
[17/Sep/2026 01:29:47] "GET /api/auth/me/ HTTP/1.1" 200 298
[17/Sep/2026 01:29:47] "GET /api/notifications/summary/ HTTP/1.1" 200 2327
[17/Sep/2026 01:29:59] "GET /api/leads/?page_size=500&ordering=-created_at HTTP/1.1" 200 77097
[17/Sep/2026 01:30:18] "GET /api/notifications/summary/ HTTP/1.1" 200 2327
[17/Sep/2026 01:30:49] "GET /api/notifications/summary/ HTTP/1.1" 200 2327
[17/Sep/2026 01:31:19] "GET /api/notifications/summary/ HTTP/1.1" 200 2327
[17/Sep/2026 01:31:35] "GET /api/notifications/summary/ HTTP/1.1" 200 2327
[17/Sep/2026 01:31:50] "GET /api/notifications/summary/ HTTP/1.1" 200 2327
[17/Sep/2026 01:32:05] "GET /api/notifications/summary/ HTTP/1.1" 200 2327
[17/Sep/2026 01:32:20] "GET /api/notifications/summary/ HTTP/1.1" 200 2327
[17/Sep/2026 01:32:51] "GET /api/notifications/summary/ HTTP/1.1" 200 2327
[17/Sep/2026 01:33:22] "GET /api/notifications/summary/ HTTP/1.1" 200 2327
[17/Sep/2026 01:33:53] "GET /api/notifications/summary/ HTTP/1.1" 200 2327
[17/Sep/2026 01:34:23] "GET /api/notifications/summary/ HTTP/1.1" 200 2327
[17/Sep/2026 01:34:54] "GET /api/notifications/summary/ HTTP/1.1" 200 2327
[17/Sep/2026 01:35:24] "GET /api/notifications/summary/ HTTP/1.1" 200 2327
[17/Sep/2026 01:35:36] "GET /api/notifications/summary/ HTTP/1.1" 200 2327
[17/Sep/2026 01:35:55] "GET /api/notifications/summary/ HTTP/1.1" 200 2327
[17/Sep/2026 01:36:26] "GET /api/notifications/summary/ HTTP/1.1" 200 2327
[17/Sep/2026 01:36:56] "GET /api/notifications/summary/ HTTP/1.1" 200 2327
[17/Sep/2026 01:37:27] "GET /api/notifications/summary/ HTTP/1.1" 200 2327
[17/Sep/2026 01:37:58] "GET /api/notifications/summary/ HTTP/1.1" 200 2327
[17/Sep/2026 01:38:28] "GET /api/notifications/summary/ HTTP/1.1" 200 2327
[17/Sep/2026 01:38:59] "GET /api/notifications/summary/ HTTP/1.1" 200 2327
[17/Sep/2026 01:39:30] "GET /api/notifications/summary/ HTTP/1.1" 200 2327
[17/Sep/2026 01:40:00] "GET /api/notifications/summary/ HTTP/1.1" 200 2327
[17/Sep/2026 01:40:31] "GET /api/notifications/summary/ HTTP/1.1" 200 2327
[17/Sep/2026 01:40:45] "GET /api/notifications/summary/ HTTP/1.1" 200 2327
[17/Sep/2026 01:41:02] "GET /api/notifications/summary/ HTTP/1.1" 200 2327
[17/Sep/2026 01:41:32] "GET /api/notifications/summary/ HTTP/1.1" 200 2327
[17/Sep/2026 01:41:46] "GET /api/notifications/summary/ HTTP/1.1" 200 2327
[17/Sep/2026 01:42:03] "GET /api/notifications/summary/ HTTP/1.1" 200 2327
[17/Sep/2026 01:42:16] "GET /api/notifications/summary/ HTTP/1.1" 200 2327
[17/Sep/2026 01:42:34] "GET /api/notifications/summary/ HTTP/1.1" 200 2327
[17/Sep/2026 01:42:47] "GET /api/notifications/summary/ HTTP/1.1" 200 2327
[17/Sep/2026 01:43:04] "GET /api/notifications/summary/ HTTP/1.1" 200 2327
[17/Sep/2026 01:43:35] "GET /api/notifications/summary/ HTTP/1.1" 200 2327
Unauthorized: /api/notifications/summary/
[17/Sep/2026 01:43:47] "GET /api/notifications/summary/ HTTP/1.1" 401 172
[17/Sep/2026 01:43:48] "POST /api/auth/refresh/ HTTP/1.1" 200 625
[17/Sep/2026 01:43:49] "GET /api/auth/me/ HTTP/1.1" 200 298
[17/Sep/2026 01:43:49] "GET /api/notifications/summary/ HTTP/1.1" 200 2327
[17/Sep/2026 01:44:01] "GET /api/leads/?page_size=500&ordering=-created_at HTTP/1.1" 200 77097
[17/Sep/2026 01:44:05] "GET /api/notifications/summary/ HTTP/1.1" 200 2327
[17/Sep/2026 01:44:36] "GET /api/notifications/summary/ HTTP/1.1" 200 2327
Unauthorized: /api/notifications/summary/
[17/Sep/2026 01:45:06] "GET /api/notifications/summary/ HTTP/1.1" 401 172
[17/Sep/2026 01:45:07] "POST /api/auth/refresh/ HTTP/1.1" 200 625
[17/Sep/2026 01:45:08] "GET /api/auth/me/ HTTP/1.1" 200 298
[17/Sep/2026 01:45:08] "GET /api/notifications/summary/ HTTP/1.1" 200 2327
[17/Sep/2026 01:45:19] "GET /api/leads/?page_size=500&ordering=-created_at HTTP/1.1" 200 77097
[17/Sep/2026 01:45:39] "GET /api/notifications/summary/ HTTP/1.1" 200 2327
[17/Sep/2026 01:46:09] "GET /api/notifications/summary/ HTTP/1.1" 200 2327
[17/Sep/2026 01:46:40] "GET /api/notifications/summary/ HTTP/1.1" 200 2327
[17/Sep/2026 01:47:11] "GET /api/notifications/summary/ HTTP/1.1" 200 2327
[17/Sep/2026 01:47:41] "GET /api/notifications/summary/ HTTP/1.1" 200 2327
[17/Sep/2026 01:48:12] "GET /api/notifications/summary/ HTTP/1.1" 200 2327
[17/Sep/2026 01:48:42] "GET /api/notifications/summary/ HTTP/1.1" 200 2327
[17/Sep/2026 01:49:11] "GET /api/sales-targets/ HTTP/1.1" 200 957
[17/Sep/2026 01:49:11] "GET /api/bookings/?page_size=500 HTTP/1.1" 200 32625
[17/Sep/2026 01:49:12] "GET /api/sales-targets/ HTTP/1.1" 200 957
[17/Sep/2026 01:49:12] "GET /api/bookings/?page_size=500 HTTP/1.1" 200 32625
[17/Sep/2026 01:49:13] "GET /api/notifications/summary/ HTTP/1.1" 200 2327
[17/Sep/2026 01:49:23] "GET /api/leads/?page_size=500&ordering=-created_at HTTP/1.1" 200 77097
[17/Sep/2026 01:49:24] "GET /api/leads/?page_size=500&ordering=-created_at HTTP/1.1" 200 77097
[17/Sep/2026 01:49:44] "GET /api/notifications/summary/ HTTP/1.1" 200 2327
[17/Sep/2026 01:50:14] "GET /api/notifications/summary/ HTTP/1.1" 200 2327
[17/Sep/2026 01:50:45] "GET /api/notifications/summary/ HTTP/1.1" 200 2327
[17/Sep/2026 01:50:58] "GET /api/notifications/summary/ HTTP/1.1" 200 2327
[17/Sep/2026 01:51:01] "GET /api/sales-targets/ HTTP/1.1" 200 957
[17/Sep/2026 01:51:01] "GET /api/bookings/?page_size=500 HTTP/1.1" 200 32625
[17/Sep/2026 01:51:01] "GET /api/bookings/?page_size=500 HTTP/1.1" 200 32625
[17/Sep/2026 01:51:01] "GET /api/sales-targets/ HTTP/1.1" 200 957
[17/Sep/2026 01:51:13] "GET /api/leads/?page_size=500&ordering=-created_at HTTP/1.1" 200 77097
[17/Sep/2026 01:51:15] "GET /api/leads/?page_size=500&ordering=-created_at HTTP/1.1" 200 77097
[17/Sep/2026 01:51:16] "GET /api/notifications/summary/ HTTP/1.1" 200 2327
[17/Sep/2026 01:51:46] "GET /api/notifications/summary/ HTTP/1.1" 200 2327
[17/Sep/2026 01:52:17] "GET /api/notifications/summary/ HTTP/1.1" 200 2327
[17/Sep/2026 01:52:22] "GET /api/sales-targets/ HTTP/1.1" 200 957
[17/Sep/2026 01:52:22] "GET /api/bookings/?page_size=500 HTTP/1.1" 200 32625
[17/Sep/2026 01:52:22] "GET /api/bookings/?page_size=500 HTTP/1.1" 200 32625
[17/Sep/2026 01:52:22] "GET /api/sales-targets/ HTTP/1.1" 200 957
[17/Sep/2026 01:52:29] "GET /api/notifications/summary/ HTTP/1.1" 200 2327
[17/Sep/2026 01:52:33] "GET /api/leads/?page_size=500&ordering=-created_at HTTP/1.1" 200 77097
[17/Sep/2026 01:52:34] "GET /api/leads/?page_size=500&ordering=-created_at HTTP/1.1" 200 77097
[17/Sep/2026 01:52:48] "GET /api/notifications/summary/ HTTP/1.1" 200 2327
[17/Sep/2026 01:53:18] "GET /api/notifications/summary/ HTTP/1.1" 200 2327
[17/Sep/2026 01:53:47] "GET /api/sales-targets/ HTTP/1.1" 200 957
[17/Sep/2026 01:53:47] "GET /api/bookings/?page_size=500 HTTP/1.1" 200 32625
[17/Sep/2026 01:53:48] "GET /api/sales-targets/ HTTP/1.1" 200 957
[17/Sep/2026 01:53:48] "GET /api/bookings/?page_size=500 HTTP/1.1" 200 32625
[17/Sep/2026 01:53:49] "GET /api/notifications/summary/ HTTP/1.1" 200 2327
[17/Sep/2026 01:53:59] "GET /api/leads/?page_size=500&ordering=-created_at HTTP/1.1" 200 77097
[17/Sep/2026 01:53:59] "GET /api/leads/?page_size=500&ordering=-created_at HTTP/1.1" 200 77097
[17/Sep/2026 01:54:20] "GET /api/notifications/summary/ HTTP/1.1" 200 2327
[17/Sep/2026 01:54:50] "GET /api/notifications/summary/ HTTP/1.1" 200 2327
[17/Sep/2026 01:54:59] "GET /api/notifications/summary/ HTTP/1.1" 200 2327
[17/Sep/2026 01:55:00] "GET /api/photographers/?page_size=500 HTTP/1.1" 200 18896
[17/Sep/2026 01:55:09] "GET /api/events/?page_size=5000&ordering=start_date,start_time,id HTTP/1.1" 200 999676
[17/Sep/2026 01:55:21] "GET /api/notifications/summary/ HTTP/1.1" 200 2327
[17/Sep/2026 01:55:52] "GET /api/notifications/summary/ HTTP/1.1" 200 2327
[17/Sep/2026 01:56:00] "GET /api/notifications/summary/ HTTP/1.1" 200 2327
[17/Sep/2026 01:56:23] "GET /api/notifications/summary/ HTTP/1.1" 200 2327
[17/Sep/2026 01:56:43] "OPTIONS /api/events/?page_size=5000&ordering=start_date,start_time,id HTTP/1.1" 200 0
[17/Sep/2026 01:56:43] "OPTIONS /api/photographers/?page_size=500 HTTP/1.1" 200 0
[17/Sep/2026 01:56:43] "GET /api/photographers/?page_size=500 HTTP/1.1" 200 18896
[17/Sep/2026 01:56:52] "GET /api/events/?page_size=5000&ordering=start_date,start_time,id HTTP/1.1" 200 999676
[17/Sep/2026 01:56:53] "GET /api/notifications/summary/ HTTP/1.1" 200 2327
[17/Sep/2026 01:57:24] "GET /api/notifications/summary/ HTTP/1.1" 200 2327
[17/Sep/2026 01:57:54] "GET /api/notifications/summary/ HTTP/1.1" 200 2327
[17/Sep/2026 01:58:25] "GET /api/notifications/summary/ HTTP/1.1" 200 2327
[17/Sep/2026 01:58:56] "GET /api/notifications/summary/ HTTP/1.1" 200 2327
[17/Sep/2026 01:59:21] "OPTIONS /api/notifications/?page_size=20 HTTP/1.1" 200 0
[17/Sep/2026 01:59:22] "GET /api/notifications/?page_size=20 HTTP/1.1" 200 7504
[17/Sep/2026 01:59:26] "GET /api/notifications/summary/ HTTP/1.1" 200 2327
[17/Sep/2026 01:59:57] "GET /api/notifications/summary/ HTTP/1.1" 200 2327
Unauthorized: /api/notifications/summary/
[17/Sep/2026 02:00:00] "GET /api/notifications/summary/ HTTP/1.1" 401 172
[17/Sep/2026 02:00:02] "POST /api/auth/refresh/ HTTP/1.1" 200 625
[17/Sep/2026 02:00:02] "GET /api/auth/me/ HTTP/1.1" 200 298
[17/Sep/2026 02:00:02] "GET /api/notifications/summary/ HTTP/1.1" 200 2327
[17/Sep/2026 02:00:14] "GET /api/leads/?page_size=500&ordering=-created_at HTTP/1.1" 200 77097
Unauthorized: /api/notifications/summary/
[17/Sep/2026 02:00:27] "GET /api/notifications/summary/ HTTP/1.1" 401 172
[17/Sep/2026 02:00:28] "POST /api/auth/refresh/ HTTP/1.1" 200 625
[17/Sep/2026 02:00:29] "GET /api/auth/me/ HTTP/1.1" 200 298
[17/Sep/2026 02:00:29] "GET /api/notifications/summary/ HTTP/1.1" 200 2327
[17/Sep/2026 02:00:33] "GET /api/notifications/summary/ HTTP/1.1" 200 2327
[17/Sep/2026 02:00:40] "GET /api/leads/?page_size=500&ordering=-created_at HTTP/1.1" 200 77097
[17/Sep/2026 02:01:00] "GET /api/notifications/summary/ HTTP/1.1" 200 2327
[17/Sep/2026 02:01:30] "GET /api/notifications/summary/ HTTP/1.1" 200 2327
[17/Sep/2026 02:02:01] "GET /api/notifications/summary/ HTTP/1.1" 200 2327
[17/Sep/2026 02:02:32] "GET /api/notifications/summary/ HTTP/1.1" 200 2327
[17/Sep/2026 02:03:02] "GET /api/notifications/summary/ HTTP/1.1" 200 2327
[17/Sep/2026 02:03:33] "GET /api/notifications/summary/ HTTP/1.1" 200 2327
[17/Sep/2026 02:04:04] "GET /api/notifications/summary/ HTTP/1.1" 200 2327
[17/Sep/2026 02:04:34] "GET /api/notifications/summary/ HTTP/1.1" 200 2327
[17/Sep/2026 02:05:05] "GET /api/notifications/summary/ HTTP/1.1" 200 2327
[17/Sep/2026 02:05:35] "GET /api/notifications/summary/ HTTP/1.1" 200 2327
[17/Sep/2026 02:05:36] "GET /api/notifications/summary/ HTTP/1.1" 200 2327
[17/Sep/2026 02:06:06] "GET /api/notifications/summary/ HTTP/1.1" 200 2327
[17/Sep/2026 02:06:37] "GET /api/notifications/summary/ HTTP/1.1" 200 2327
[17/Sep/2026 02:07:07] "GET /api/notifications/summary/ HTTP/1.1" 200 2327
[17/Sep/2026 02:07:38] "GET /api/notifications/summary/ HTTP/1.1" 200 2327
[17/Sep/2026 02:07:39] "GET /api/photographers/?page_size=500 HTTP/1.1" 200 18896
[17/Sep/2026 02:07:39] "GET /api/photographers/?page_size=500 HTTP/1.1" 200 18896
[17/Sep/2026 02:07:47] "GET /api/events/?page_size=5000&ordering=start_date,start_time,id HTTP/1.1" 200 999676
[17/Sep/2026 02:07:48] "GET /api/events/?page_size=5000&ordering=start_date,start_time,id HTTP/1.1" 200 999676
[17/Sep/2026 02:08:09] "GET /api/notifications/summary/ HTTP/1.1" 200 2327
[17/Sep/2026 02:08:36] "GET /api/notifications/summary/ HTTP/1.1" 200 2327
[17/Sep/2026 02:08:39] "GET /api/notifications/summary/ HTTP/1.1" 200 2327
[17/Sep/2026 02:08:40] "GET /api/sales-targets/ HTTP/1.1" 200 957
[17/Sep/2026 02:08:40] "GET /api/bookings/?page_size=500 HTTP/1.1" 200 32625
[17/Sep/2026 02:08:44] "GET /api/photographers/?page_size=500 HTTP/1.1" 200 18896
[17/Sep/2026 02:08:52] "GET /api/events/?page_size=5000&ordering=start_date,start_time,id HTTP/1.1" 200 999676
[17/Sep/2026 02:08:52] "GET /api/leads/?page_size=500&ordering=-created_at HTTP/1.1" 200 77097
[17/Sep/2026 02:09:10] "GET /api/notifications/summary/ HTTP/1.1" 200 2327
[17/Sep/2026 02:09:40] "GET /api/notifications/summary/ HTTP/1.1" 200 2327
[17/Sep/2026 02:10:11] "GET /api/notifications/summary/ HTTP/1.1" 200 2327
[17/Sep/2026 02:10:24] "OPTIONS /api/events/?calendar_from=2026-08-31&calendar_to=2026-10-11&calendar_month=2026-09&ordering=start_date,start_time,id&page=1&page_size=500 HTTP/1.1" 200 0
[17/Sep/2026 02:10:35,640] - Broken pipe from ('127.0.0.1', 56435)
[17/Sep/2026 02:10:40] "GET /api/events/?calendar_from=2026-08-31&calendar_to=2026-10-11&calendar_month=2026-09&ordering=start_date,start_time,id&page=1&page_size=500 HTTP/1.1" 200 13643
[17/Sep/2026 02:10:42] "GET /api/notifications/summary/ HTTP/1.1" 200 2327
[17/Sep/2026 02:11:12] "GET /api/notifications/summary/ HTTP/1.1" 200 2327
[17/Sep/2026 02:11:43] "GET /api/notifications/summary/ HTTP/1.1" 200 2327
[17/Sep/2026 02:12:14] "GET /api/notifications/summary/ HTTP/1.1" 200 2327
[17/Sep/2026 02:12:44] "GET /api/notifications/summary/ HTTP/1.1" 200 2327
[17/Sep/2026 02:13:15] "GET /api/notifications/summary/ HTTP/1.1" 200 2327
[17/Sep/2026 02:13:45] "GET /api/notifications/summary/ HTTP/1.1" 200 2327
[17/Sep/2026 02:14:16] "GET /api/notifications/summary/ HTTP/1.1" 200 2327
[17/Sep/2026 02:14:47] "GET /api/notifications/summary/ HTTP/1.1" 200 2327
[17/Sep/2026 02:14:49] "GET /api/photographers/?page_size=500 HTTP/1.1" 200 18896
[17/Sep/2026 02:14:49] "GET /api/photographers/?page_size=500 HTTP/1.1" 200 18896
[17/Sep/2026 02:14:57] "GET /api/events/?page_size=5000&ordering=start_date,start_time,id HTTP/1.1" 200 999676
[17/Sep/2026 02:14:59] "GET /api/events/?page_size=5000&ordering=start_date,start_time,id HTTP/1.1" 200 999676
[17/Sep/2026 02:15:17] "GET /api/notifications/summary/ HTTP/1.1" 200 2327
Unauthorized: /api/notifications/summary/
Unauthorized: /api/leads/
Unauthorized: /api/bookings/
[17/Sep/2026 02:15:40] "GET /api/notifications/summary/ HTTP/1.1" 401 172
[17/Sep/2026 02:15:40] "GET /api/leads/?page_size=500&ordering=-created_at HTTP/1.1" 401 172
Unauthorized: /api/sales-targets/
[17/Sep/2026 02:15:40] "GET /api/bookings/?page_size=500 HTTP/1.1" 401 172
Unauthorized: /api/auth/me/
[17/Sep/2026 02:15:40] "GET /api/sales-targets/ HTTP/1.1" 401 172
[17/Sep/2026 02:15:40] "GET /api/auth/me/ HTTP/1.1" 401 172
Unauthorized: /api/events/
Unauthorized: /api/photographers/
[17/Sep/2026 02:15:40] "GET /api/events/?page_size=5000&ordering=start_date,start_time,id HTTP/1.1" 401 172
[17/Sep/2026 02:15:40] "GET /api/photographers/?page_size=500 HTTP/1.1" 401 172
[17/Sep/2026 02:15:41] "POST /api/auth/refresh/ HTTP/1.1" 200 625
[17/Sep/2026 02:15:41] "GET /api/auth/me/ HTTP/1.1" 200 298
[17/Sep/2026 02:15:42] "GET /api/notifications/summary/ HTTP/1.1" 200 2327
[17/Sep/2026 02:15:42] "GET /api/sales-targets/ HTTP/1.1" 200 957
[17/Sep/2026 02:15:42] "GET /api/bookings/?page_size=500 HTTP/1.1" 200 32625
[17/Sep/2026 02:15:42] "GET /api/auth/me/ HTTP/1.1" 200 298
[17/Sep/2026 02:15:42] "GET /api/photographers/?page_size=500 HTTP/1.1" 200 18896
[17/Sep/2026 02:15:50] "GET /api/events/?page_size=5000&ordering=start_date,start_time,id HTTP/1.1" 200 999676
[17/Sep/2026 02:15:54] "GET /api/leads/?page_size=500&ordering=-created_at HTTP/1.1" 200 77097
[17/Sep/2026 02:16:10] "GET /api/events/?calendar_from=2026-08-31&calendar_to=2026-10-11&calendar_month=2026-09&ordering=start_date,start_time,id&page=1&page_size=500 HTTP/1.1" 200 13643
[17/Sep/2026 02:16:12] "GET /api/notifications/summary/ HTTP/1.1" 200 2327
[17/Sep/2026 02:16:43] "GET /api/notifications/summary/ HTTP/1.1" 200 2327
[17/Sep/2026 02:17:13] "GET /api/notifications/summary/ HTTP/1.1" 200 2327
[17/Sep/2026 02:17:44] "GET /api/notifications/summary/ HTTP/1.1" 200 2327
[17/Sep/2026 02:17:57] "GET /api/auth/me/ HTTP/1.1" 200 298
[17/Sep/2026 02:17:57] "GET /api/notifications/summary/ HTTP/1.1" 200 2327
[17/Sep/2026 02:17:57] "GET /api/sales-targets/ HTTP/1.1" 200 957
[17/Sep/2026 02:17:57] "GET /api/bookings/?page_size=500 HTTP/1.1" 200 32625
[17/Sep/2026 02:17:57] "GET /api/photographers/?page_size=500 HTTP/1.1" 200 18896
[17/Sep/2026 02:18:06] "GET /api/events/?page_size=5000&ordering=start_date,start_time,id HTTP/1.1" 200 999676
[17/Sep/2026 02:18:11] "GET /api/leads/?page_size=500&ordering=-created_at HTTP/1.1" 200 77097
[17/Sep/2026 02:18:21] "GET /api/events/?calendar_from=2026-08-31&calendar_to=2026-10-11&calendar_month=2026-09&ordering=start_date,start_time,id&page=1&page_size=500 HTTP/1.1" 200 13643
[17/Sep/2026 02:18:27] "GET /api/notifications/summary/ HTTP/1.1" 200 2327
[17/Sep/2026 02:18:58] "GET /api/notifications/summary/ HTTP/1.1" 200 2327
[17/Sep/2026 02:19:10] "GET /api/auth/me/ HTTP/1.1" 200 298
[17/Sep/2026 02:19:10] "GET /api/sales-targets/ HTTP/1.1" 200 957
[17/Sep/2026 02:19:10] "GET /api/notifications/summary/ HTTP/1.1" 200 2327
[17/Sep/2026 02:19:10] "GET /api/bookings/?page_size=500 HTTP/1.1" 200 32625
[17/Sep/2026 02:19:11] "GET /api/photographers/?page_size=500 HTTP/1.1" 200 18896
[17/Sep/2026 02:19:19] "GET /api/events/?page_size=5000&ordering=start_date,start_time,id HTTP/1.1" 200 999676
[17/Sep/2026 02:19:22] "GET /api/leads/?page_size=500&ordering=-created_at HTTP/1.1" 200 77097
Unauthorized: /api/notifications/summary/
[17/Sep/2026 02:19:38] "GET /api/notifications/summary/ HTTP/1.1" 401 172
[17/Sep/2026 02:19:40] "POST /api/auth/refresh/ HTTP/1.1" 200 625
[17/Sep/2026 02:19:40] "GET /api/auth/me/ HTTP/1.1" 200 298
[17/Sep/2026 02:19:40] "GET /api/notifications/summary/ HTTP/1.1" 200 2327
[17/Sep/2026 02:19:41] "GET /api/notifications/summary/ HTTP/1.1" 200 2327
[17/Sep/2026 02:19:41] "OPTIONS /api/events/?calendar_from=2026-08-31&calendar_to=2026-10-11&calendar_month=2026-09&ordering=start_date,start_time,id&page=1&page_size=500 HTTP/1.1" 200 0
[17/Sep/2026 02:19:50] "GET /api/events/?calendar_from=2026-08-31&calendar_to=2026-10-11&calendar_month=2026-09&ordering=start_date,start_time,id&page=1&page_size=500 HTTP/1.1" 200 13643
[17/Sep/2026 02:19:55] "GET /api/leads/?page_size=500&ordering=-created_at HTTP/1.1" 200 77097
[17/Sep/2026 02:20:11] "GET /api/events/?calendar_from=2026-08-31&calendar_to=2026-10-11&calendar_month=2026-09&ordering=start_date,start_time,id&page=1&page_size=500 HTTP/1.1" 200 13643
[17/Sep/2026 02:20:11] "GET /api/notifications/summary/ HTTP/1.1" 200 2327
[17/Sep/2026 02:20:42] "GET /api/notifications/summary/ HTTP/1.1" 200 2327
[17/Sep/2026 02:21:13] "GET /api/notifications/summary/ HTTP/1.1" 200 2327
[17/Sep/2026 02:21:43] "GET /api/notifications/summary/ HTTP/1.1" 200 2327
[17/Sep/2026 02:22:14] "GET /api/notifications/summary/ HTTP/1.1" 200 2327
[17/Sep/2026 02:22:31] "GET /api/auth/me/ HTTP/1.1" 200 298
[17/Sep/2026 02:22:31] "GET /api/sales-targets/ HTTP/1.1" 200 957
[17/Sep/2026 02:22:32] "GET /api/notifications/summary/ HTTP/1.1" 200 2327
[17/Sep/2026 02:22:32] "GET /api/bookings/?page_size=500 HTTP/1.1" 200 32625
[17/Sep/2026 02:22:32] "GET /api/photographers/?page_size=500 HTTP/1.1" 200 18896
[17/Sep/2026 02:22:40] "GET /api/events/?page_size=5000&ordering=start_date,start_time,id HTTP/1.1" 200 999676
[17/Sep/2026 02:22:41] "GET /api/notifications/summary/ HTTP/1.1" 200 2327
[17/Sep/2026 02:22:43] "GET /api/leads/?page_size=500&ordering=-created_at HTTP/1.1" 200 77097
[17/Sep/2026 02:23:02] "GET /api/notifications/summary/ HTTP/1.1" 200 2327
[17/Sep/2026 02:23:16] "GET /api/events/?calendar_from=2026-08-31&calendar_to=2026-10-11&calendar_month=2026-09&ordering=start_date,start_time,id&page=1&page_size=500 HTTP/1.1" 200 13643
[17/Sep/2026 02:23:33] "GET /api/notifications/summary/ HTTP/1.1" 200 2327
[17/Sep/2026 02:24:03] "GET /api/notifications/summary/ HTTP/1.1" 200 2327
[17/Sep/2026 02:24:34] "GET /api/notifications/summary/ HTTP/1.1" 200 2327
[17/Sep/2026 02:25:04] "GET /api/notifications/summary/ HTTP/1.1" 200 2327
[17/Sep/2026 02:25:35] "GET /api/notifications/summary/ HTTP/1.1" 200 2327
[17/Sep/2026 02:26:06] "GET /api/notifications/summary/ HTTP/1.1" 200 2327
[17/Sep/2026 02:26:12] "OPTIONS /api/notifications/summary/ HTTP/1.1" 200 0
[17/Sep/2026 02:26:13] "GET /api/notifications/summary/ HTTP/1.1" 200 2327
[17/Sep/2026 02:26:35] "GET /api/events/?calendar_from=2026-08-31&calendar_to=2026-10-11&calendar_month=2026-09&ordering=start_date,start_time,id&page=1&page_size=500 HTTP/1.1" 200 13643
[17/Sep/2026 02:28:26] "OPTIONS /api/leads/?page_size=500&ordering=-created_at HTTP/1.1" 200 0
[17/Sep/2026 02:28:26] "OPTIONS /api/auth/me/ HTTP/1.1" 200 0
[17/Sep/2026 02:28:26] "OPTIONS /api/sales-targets/ HTTP/1.1" 200 0
[17/Sep/2026 02:28:26] "OPTIONS /api/bookings/?page_size=500 HTTP/1.1" 200 0
[17/Sep/2026 02:28:26] "OPTIONS /api/events/?page_size=5000&ordering=start_date,start_time,id HTTP/1.1" 200 0
[17/Sep/2026 02:28:26] "OPTIONS /api/photographers/?page_size=500 HTTP/1.1" 200 0
[17/Sep/2026 02:28:26] "GET /api/auth/me/ HTTP/1.1" 200 298
[17/Sep/2026 02:28:27] "GET /api/sales-targets/ HTTP/1.1" 200 957
[17/Sep/2026 02:28:27] "GET /api/bookings/?page_size=500 HTTP/1.1" 200 32625
[17/Sep/2026 02:28:27] "GET /api/notifications/summary/ HTTP/1.1" 200 2327
[17/Sep/2026 02:28:27] "GET /api/photographers/?page_size=500 HTTP/1.1" 200 18896
[17/Sep/2026 02:28:27] "GET /api/auth/me/ HTTP/1.1" 200 298
[17/Sep/2026 02:28:27] "GET /api/sales-targets/ HTTP/1.1" 200 957
[17/Sep/2026 02:28:27] "GET /api/bookings/?page_size=500 HTTP/1.1" 200 32625
[17/Sep/2026 02:28:28] "GET /api/photographers/?page_size=500 HTTP/1.1" 200 18896
[17/Sep/2026 02:28:28] "GET /api/notifications/summary/ HTTP/1.1" 200 2327
[17/Sep/2026 02:28:35] "GET /api/events/?page_size=5000&ordering=start_date,start_time,id HTTP/1.1" 200 999676
[17/Sep/2026 02:28:38] "GET /api/leads/?page_size=500&ordering=-created_at HTTP/1.1" 200 77097
[17/Sep/2026 02:28:48] "GET /api/events/?calendar_from=2026-08-31&calendar_to=2026-10-11&calendar_month=2026-09&ordering=start_date,start_time,id&page=1&page_size=500 HTTP/1.1" 200 13643
[17/Sep/2026 02:29:10] "GET /api/auth/me/ HTTP/1.1" 200 298
[17/Sep/2026 02:29:10] "GET /api/notifications/summary/ HTTP/1.1" 200 2327
[17/Sep/2026 02:29:10] "GET /api/sales-targets/ HTTP/1.1" 200 957
[17/Sep/2026 02:29:10] "GET /api/bookings/?page_size=500 HTTP/1.1" 200 32625
[17/Sep/2026 02:29:11] "GET /api/photographers/?page_size=500 HTTP/1.1" 200 18896
[17/Sep/2026 02:29:19] "GET /api/events/?page_size=5000&ordering=start_date,start_time,id HTTP/1.1" 200 999676
[17/Sep/2026 02:29:22] "GET /api/leads/?page_size=500&ordering=-created_at HTTP/1.1" 200 77097
[17/Sep/2026 02:29:30] "GET /api/events/?calendar_from=2026-08-31&calendar_to=2026-10-11&calendar_month=2026-09&ordering=start_date,start_time,id&page=1&page_size=500 HTTP/1.1" 200 13643
[17/Sep/2026 02:29:41] "GET /api/notifications/summary/ HTTP/1.1" 200 2327
[17/Sep/2026 02:29:54] "OPTIONS /api/auth/login/ HTTP/1.1" 200 0
[17/Sep/2026 02:29:56] "POST /api/auth/login/ HTTP/1.1" 200 931
[17/Sep/2026 02:29:56] "OPTIONS /api/auth/me/ HTTP/1.1" 200 0
[17/Sep/2026 02:29:56] "OPTIONS /api/notifications/summary/ HTTP/1.1" 200 0
[17/Sep/2026 02:29:56] "OPTIONS /api/sales-targets/ HTTP/1.1" 200 0
[17/Sep/2026 02:29:56] "OPTIONS /api/bookings/?page_size=500 HTTP/1.1" 200 0
[17/Sep/2026 02:29:56] "OPTIONS /api/leads/?page_size=500&ordering=-created_at HTTP/1.1" 200 0
[17/Sep/2026 02:29:56] "OPTIONS /api/events/?page_size=5000&ordering=start_date,start_time,id HTTP/1.1" 200 0
[17/Sep/2026 02:29:56] "OPTIONS /api/photographers/?page_size=500 HTTP/1.1" 200 0
[17/Sep/2026 02:29:57] "GET /api/auth/me/ HTTP/1.1" 200 298
[17/Sep/2026 02:29:57] "GET /api/sales-targets/ HTTP/1.1" 200 957
[17/Sep/2026 02:29:57] "GET /api/notifications/summary/ HTTP/1.1" 200 2327
[17/Sep/2026 02:29:57] "GET /api/bookings/?page_size=500 HTTP/1.1" 200 32625
[17/Sep/2026 02:29:57] "GET /api/photographers/?page_size=500 HTTP/1.1" 200 18896
[17/Sep/2026 02:30:06] "GET /api/events/?page_size=5000&ordering=start_date,start_time,id HTTP/1.1" 200 999676
[17/Sep/2026 02:30:09] "OPTIONS /api/events/?calendar_from=2026-08-31&calendar_to=2026-10-11&calendar_month=2026-09&ordering=start_date,start_time,id&page=1&page_size=500 HTTP/1.1" 200 0
[17/Sep/2026 02:30:09] "GET /api/leads/?page_size=500&ordering=-created_at HTTP/1.1" 200 77097
[17/Sep/2026 02:30:17] "GET /api/events/?calendar_from=2026-08-31&calendar_to=2026-10-11&calendar_month=2026-09&ordering=start_date,start_time,id&page=1&page_size=500 HTTP/1.1" 200 13643
[17/Sep/2026 02:30:27] "GET /api/notifications/summary/ HTTP/1.1" 200 2327
[17/Sep/2026 02:30:58,510] - Broken pipe from ('127.0.0.1', 55576)
[17/Sep/2026 02:30:58] "GET /api/auth/me/ HTTP/1.1" 200 298
[17/Sep/2026 02:30:58] "GET /api/sales-targets/ HTTP/1.1" 200 957
[17/Sep/2026 02:30:58] "GET /api/notifications/summary/ HTTP/1.1" 200 2327
[17/Sep/2026 02:30:58] "GET /api/bookings/?page_size=500 HTTP/1.1" 200 32625
[17/Sep/2026 02:30:59] "GET /api/photographers/?page_size=500 HTTP/1.1" 200 18896
[17/Sep/2026 02:31:07] "GET /api/events/?page_size=5000&ordering=start_date,start_time,id HTTP/1.1" 200 999676
[17/Sep/2026 02:31:10] "GET /api/leads/?page_size=500&ordering=-created_at HTTP/1.1" 200 77097
[17/Sep/2026 02:31:18] "GET /api/events/?calendar_from=2026-08-31&calendar_to=2026-10-11&calendar_month=2026-09&ordering=start_date,start_time,id&page=1&page_size=500 HTTP/1.1" 200 13643
[17/Sep/2026 02:31:29] "GET /api/notifications/summary/ HTTP/1.1" 200 2327
[17/Sep/2026 02:32:00] "GET /api/notifications/summary/ HTTP/1.1" 200 2327
[17/Sep/2026 02:32:12] "GET /api/events/?calendar_from=2026-08-31&calendar_to=2026-10-11&calendar_month=2026-09&ordering=start_date,start_time,id&page=1&page_size=500 HTTP/1.1" 200 13643
[17/Sep/2026 02:32:14] "GET /api/events/?calendar_from=2026-08-31&calendar_to=2026-10-11&calendar_month=2026-09&ordering=start_date,start_time,id&page=1&page_size=500 HTTP/1.1" 200 13643
[17/Sep/2026 02:32:30] "GET /api/notifications/summary/ HTTP/1.1" 200 2327
[17/Sep/2026 02:33:01] "GET /api/notifications/summary/ HTTP/1.1" 200 2327
[17/Sep/2026 02:33:32] "GET /api/notifications/summary/ HTTP/1.1" 200 2327
[17/Sep/2026 02:34:02] "GET /api/notifications/summary/ HTTP/1.1" 200 2327
[17/Sep/2026 02:34:31] "GET /api/events/?calendar_from=2026-08-31&calendar_to=2026-10-11&calendar_month=2026-09&ordering=start_date,start_time,id&page=1&page_size=500 HTTP/1.1" 200 13643
[17/Sep/2026 02:34:32] "GET /api/events/?calendar_from=2026-08-31&calendar_to=2026-10-11&calendar_month=2026-09&ordering=start_date,start_time,id&page=1&page_size=500 HTTP/1.1" 200 13643
[17/Sep/2026 02:34:33] "GET /api/notifications/summary/ HTTP/1.1" 200 2327
[17/Sep/2026 02:35:03] "GET /api/notifications/summary/ HTTP/1.1" 200 2327
Unauthorized: /api/notifications/summary/
[17/Sep/2026 02:35:27] "GET /api/notifications/summary/ HTTP/1.1" 401 172
[17/Sep/2026 02:35:27] "OPTIONS /api/auth/refresh/ HTTP/1.1" 200 0
[17/Sep/2026 02:35:28] "POST /api/auth/refresh/ HTTP/1.1" 200 625
[17/Sep/2026 02:35:28] "GET /api/auth/me/ HTTP/1.1" 200 298
[17/Sep/2026 02:35:29] "GET /api/notifications/summary/ HTTP/1.1" 200 2327
[17/Sep/2026 02:35:34] "GET /api/notifications/summary/ HTTP/1.1" 200 2327
[17/Sep/2026 02:35:43] "GET /api/leads/?page_size=500&ordering=-created_at HTTP/1.1" 200 77097
[17/Sep/2026 02:35:59] "GET /api/notifications/summary/ HTTP/1.1" 200 2327
[17/Sep/2026 02:36:05] "GET /api/notifications/summary/ HTTP/1.1" 200 2327
[17/Sep/2026 02:36:35] "GET /api/notifications/summary/ HTTP/1.1" 200 2327
[17/Sep/2026 02:37:00] "GET /api/notifications/summary/ HTTP/1.1" 200 2327
[17/Sep/2026 02:37:06] "GET /api/notifications/summary/ HTTP/1.1" 200 2327
[17/Sep/2026 02:37:37] "GET /api/notifications/summary/ HTTP/1.1" 200 2327
[17/Sep/2026 02:38:07] "GET /api/notifications/summary/ HTTP/1.1" 200 2327
[17/Sep/2026 02:38:38] "GET /api/notifications/summary/ HTTP/1.1" 200 2327
[17/Sep/2026 02:39:09] "GET /api/notifications/summary/ HTTP/1.1" 200 2327
[17/Sep/2026 02:39:39] "GET /api/notifications/summary/ HTTP/1.1" 200 2327
[17/Sep/2026 02:40:01] "GET /api/notifications/summary/ HTTP/1.1" 200 2327
[17/Sep/2026 02:40:10] "GET /api/notifications/summary/ HTTP/1.1" 200 2327
[17/Sep/2026 02:40:40] "GET /api/notifications/summary/ HTTP/1.1" 200 2327
[17/Sep/2026 02:41:11] "GET /api/notifications/summary/ HTTP/1.1" 200 2327
[17/Sep/2026 02:41:42] "GET /api/notifications/summary/ HTTP/1.1" 200 2327
[17/Sep/2026 02:42:12] "GET /api/notifications/summary/ HTTP/1.1" 200 2327
[17/Sep/2026 02:42:43] "GET /api/notifications/summary/ HTTP/1.1" 200 2327
[17/Sep/2026 02:43:14] "GET /api/notifications/summary/ HTTP/1.1" 200 2327
[17/Sep/2026 02:43:44] "GET /api/notifications/summary/ HTTP/1.1" 200 2327
[17/Sep/2026 02:44:15] "GET /api/notifications/summary/ HTTP/1.1" 200 2327
[17/Sep/2026 02:44:15] "GET /api/notifications/summary/ HTTP/1.1" 200 2327
[17/Sep/2026 02:44:46] "GET /api/notifications/summary/ HTTP/1.1" 200 2327
[17/Sep/2026 02:45:16] "OPTIONS /api/events/?calendar_from=2026-09-28&calendar_to=2026-11-08&calendar_month=2026-10&ordering=start_date,start_time,id&page=1&page_size=500 HTTP/1.1" 200 0
Unauthorized: /api/events/
[17/Sep/2026 02:45:16] "GET /api/events/?calendar_from=2026-09-28&calendar_to=2026-11-08&calendar_month=2026-10&ordering=start_date,start_time,id&page=1&page_size=500 HTTP/1.1" 401 172
[17/Sep/2026 02:45:16] "OPTIONS /api/auth/refresh/ HTTP/1.1" 200 0
Unauthorized: /api/notifications/summary/
[17/Sep/2026 02:45:16] "GET /api/notifications/summary/ HTTP/1.1" 401 172
[17/Sep/2026 02:45:17] "POST /api/auth/refresh/ HTTP/1.1" 200 625
[17/Sep/2026 02:45:17] "GET /api/auth/me/ HTTP/1.1" 200 298
[17/Sep/2026 02:45:17] "GET /api/notifications/summary/ HTTP/1.1" 200 2327
[17/Sep/2026 02:45:26,286] - Broken pipe from ('127.0.0.1', 57431)
[17/Sep/2026 02:45:27,343] - Broken pipe from ('127.0.0.1', 50938)
[17/Sep/2026 02:45:29] "GET /api/events/?calendar_from=2026-09-28&calendar_to=2026-11-08&calendar_month=2026-10&ordering=start_date,start_time,id&page=1&page_size=500 HTTP/1.1" 200 10009
[17/Sep/2026 02:45:30] "GET /api/leads/?page_size=500&ordering=-created_at HTTP/1.1" 200 77097
[17/Sep/2026 02:45:48] "GET /api/notifications/summary/ HTTP/1.1" 200 2327
[17/Sep/2026 02:46:19] "GET /api/notifications/summary/ HTTP/1.1" 200 2327
[17/Sep/2026 02:46:49] "GET /api/notifications/summary/ HTTP/1.1" 200 2327
[17/Sep/2026 02:47:20] "GET /api/notifications/summary/ HTTP/1.1" 200 2327
[17/Sep/2026 02:47:50] "GET /api/notifications/summary/ HTTP/1.1" 200 2327
[17/Sep/2026 02:48:21] "GET /api/notifications/summary/ HTTP/1.1" 200 2327
[17/Sep/2026 02:48:52] "GET /api/notifications/summary/ HTTP/1.1" 200 2327
[17/Sep/2026 02:48:59] "GET /api/auth/me/ HTTP/1.1" 200 298
[17/Sep/2026 02:48:59] "GET /api/notifications/summary/ HTTP/1.1" 200 2327
[17/Sep/2026 02:48:59] "GET /api/bookings/?page_size=500 HTTP/1.1" 200 32625
[17/Sep/2026 02:48:59] "GET /api/sales-targets/ HTTP/1.1" 200 957
[17/Sep/2026 02:49:00] "GET /api/photographers/?page_size=500 HTTP/1.1" 200 18896
[17/Sep/2026 02:49:07] "GET /api/events/?page_size=5000&ordering=start_date,start_time,id HTTP/1.1" 200 999676
[17/Sep/2026 02:49:11] "GET /api/leads/?page_size=500&ordering=-created_at HTTP/1.1" 200 77097
[17/Sep/2026 02:49:30] "GET /api/notifications/summary/ HTTP/1.1" 200 2327
[17/Sep/2026 02:50:00] "GET /api/notifications/summary/ HTTP/1.1" 200 2327
[17/Sep/2026 02:50:31] "GET /api/notifications/summary/ HTTP/1.1" 200 2327
[17/Sep/2026 02:50:36] "GET /api/events/?calendar_from=2026-08-31&calendar_to=2026-10-11&calendar_month=2026-09&ordering=start_date,start_time,id&page=1&page_size=500 HTTP/1.1" 200 13643
[17/Sep/2026 02:51:02] "GET /api/notifications/summary/ HTTP/1.1" 200 2327
[17/Sep/2026 02:51:32] "GET /api/notifications/summary/ HTTP/1.1" 200 2327
[17/Sep/2026 02:52:01] "GET /api/auth/me/ HTTP/1.1" 200 298
[17/Sep/2026 02:52:01] "GET /api/notifications/summary/ HTTP/1.1" 200 2327
[17/Sep/2026 02:52:01] "GET /api/sales-targets/ HTTP/1.1" 200 957
[17/Sep/2026 02:52:01] "GET /api/bookings/?page_size=500 HTTP/1.1" 200 32625
[17/Sep/2026 02:52:01] "GET /api/photographers/?page_size=500 HTTP/1.1" 200 18896
Unauthorized: /api/notifications/summary/
[17/Sep/2026 02:52:08] "GET /api/notifications/summary/ HTTP/1.1" 401 172
[17/Sep/2026 02:52:09] "POST /api/auth/refresh/ HTTP/1.1" 200 625
[17/Sep/2026 02:52:09] "GET /api/events/?page_size=5000&ordering=start_date,start_time,id HTTP/1.1" 200 999676
[17/Sep/2026 02:52:09] "GET /api/auth/me/ HTTP/1.1" 200 298
[17/Sep/2026 02:52:10] "GET /api/notifications/summary/ HTTP/1.1" 200 2327
[17/Sep/2026 02:52:13] "GET /api/leads/?page_size=500&ordering=-created_at HTTP/1.1" 200 77097
[17/Sep/2026 02:52:13] "GET /api/auth/me/ HTTP/1.1" 200 298
[17/Sep/2026 02:52:13] "GET /api/notifications/summary/ HTTP/1.1" 200 2327
[17/Sep/2026 02:52:13] "GET /api/bookings/?page_size=500 HTTP/1.1" 200 32625
[17/Sep/2026 02:52:13] "GET /api/sales-targets/ HTTP/1.1" 200 957
[17/Sep/2026 02:52:14] "GET /api/photographers/?page_size=500 HTTP/1.1" 200 18896
[17/Sep/2026 02:52:21,345] - Broken pipe from ('127.0.0.1', 62285)
[17/Sep/2026 02:52:22] "GET /api/events/?page_size=5000&ordering=start_date,start_time,id HTTP/1.1" 200 999676
[17/Sep/2026 02:52:24] "GET /api/leads/?page_size=500&ordering=-created_at HTTP/1.1" 200 77097
[17/Sep/2026 02:52:32] "GET /api/notifications/summary/ HTTP/1.1" 200 2327
[17/Sep/2026 02:52:35] "GET /api/events/?calendar_from=2026-08-31&calendar_to=2026-10-11&calendar_month=2026-09&ordering=start_date,start_time,id&page=1&page_size=500 HTTP/1.1" 200 13643
[17/Sep/2026 02:52:44] "GET /api/notifications/summary/ HTTP/1.1" 200 2327
[17/Sep/2026 02:52:46] "OPTIONS /api/notifications/summary/ HTTP/1.1" 200 0
[17/Sep/2026 02:52:46] "OPTIONS /api/auth/me/ HTTP/1.1" 200 0
[17/Sep/2026 02:52:46] "OPTIONS /api/leads/?page_size=500&ordering=-created_at HTTP/1.1" 200 0
[17/Sep/2026 02:52:46] "OPTIONS /api/bookings/?page_size=500 HTTP/1.1" 200 0
[17/Sep/2026 02:52:46] "OPTIONS /api/sales-targets/ HTTP/1.1" 200 0
[17/Sep/2026 02:52:46] "OPTIONS /api/events/?page_size=5000&ordering=start_date,start_time,id HTTP/1.1" 200 0
[17/Sep/2026 02:52:46] "OPTIONS /api/photographers/?page_size=500 HTTP/1.1" 200 0
[17/Sep/2026 02:52:46] "GET /api/auth/me/ HTTP/1.1" 200 298
[17/Sep/2026 02:52:46] "GET /api/notifications/summary/ HTTP/1.1" 200 2327
[17/Sep/2026 02:52:47] "GET /api/sales-targets/ HTTP/1.1" 200 957
[17/Sep/2026 02:52:47] "GET /api/bookings/?page_size=500 HTTP/1.1" 200 32625
[17/Sep/2026 02:52:47] "GET /api/photographers/?page_size=500 HTTP/1.1" 200 18896
[17/Sep/2026 02:52:55] "GET /api/events/?page_size=5000&ordering=start_date,start_time,id HTTP/1.1" 200 999676
[17/Sep/2026 02:52:59] "GET /api/leads/?page_size=500&ordering=-created_at HTTP/1.1" 200 77097
[17/Sep/2026 02:53:02] "GET /api/notifications/summary/ HTTP/1.1" 200 2327
[17/Sep/2026 02:53:07] "GET /api/events/?calendar_from=2026-08-31&calendar_to=2026-10-11&calendar_month=2026-09&ordering=start_date,start_time,id&page=1&page_size=500 HTTP/1.1" 200 13643
[17/Sep/2026 02:53:17] "GET /api/notifications/summary/ HTTP/1.1" 200 2327
[17/Sep/2026 02:53:33] "GET /api/notifications/summary/ HTTP/1.1" 200 2327
[17/Sep/2026 02:53:34] "GET /api/events/?calendar_from=2026-08-31&calendar_to=2026-10-11&calendar_month=2026-09&ordering=start_date,start_time,id&page=1&page_size=500 HTTP/1.1" 200 13643
[17/Sep/2026 02:54:04] "GET /api/notifications/summary/ HTTP/1.1" 200 2327
[17/Sep/2026 02:54:34] "GET /api/notifications/summary/ HTTP/1.1" 200 2327
[17/Sep/2026 02:55:05] "GET /api/notifications/summary/ HTTP/1.1" 200 2327
[17/Sep/2026 02:55:18] "GET /api/notifications/summary/ HTTP/1.1" 200 2327
[17/Sep/2026 02:55:35] "GET /api/notifications/summary/ HTTP/1.1" 200 2327
[17/Sep/2026 02:55:37] "GET /api/notifications/summary/ HTTP/1.1" 200 2327
[17/Sep/2026 02:55:37] "GET /api/sales-targets/ HTTP/1.1" 200 957
[17/Sep/2026 02:55:37] "GET /api/auth/me/ HTTP/1.1" 200 298
[17/Sep/2026 02:55:37] "GET /api/bookings/?page_size=500 HTTP/1.1" 200 32625
[17/Sep/2026 02:55:38] "GET /api/photographers/?page_size=500 HTTP/1.1" 200 18896
[17/Sep/2026 02:55:46] "GET /api/events/?page_size=5000&ordering=start_date,start_time,id HTTP/1.1" 200 999676
[17/Sep/2026 02:55:49] "GET /api/leads/?page_size=500&ordering=-created_at HTTP/1.1" 200 77097
[17/Sep/2026 02:55:56] "GET /api/events/?calendar_from=2026-08-31&calendar_to=2026-10-11&calendar_month=2026-09&ordering=start_date,start_time,id&page=1&page_size=500 HTTP/1.1" 200 13643
[17/Sep/2026 02:56:06] "GET /api/notifications/summary/ HTTP/1.1" 200 2327
[17/Sep/2026 02:56:08] "GET /api/notifications/summary/ HTTP/1.1" 200 2327
[17/Sep/2026 02:56:37] "GET /api/notifications/summary/ HTTP/1.1" 200 2327
[17/Sep/2026 02:57:07] "GET /api/notifications/summary/ HTTP/1.1" 200 2327
[17/Sep/2026 02:57:38] "GET /api/notifications/summary/ HTTP/1.1" 200 2327
[17/Sep/2026 02:57:38] "GET /api/notifications/summary/ HTTP/1.1" 200 2327
[17/Sep/2026 02:58:09] "GET /api/notifications/summary/ HTTP/1.1" 200 2327
[17/Sep/2026 02:58:09] "GET /api/notifications/summary/ HTTP/1.1" 200 2327
[17/Sep/2026 02:58:39] "GET /api/notifications/summary/ HTTP/1.1" 200 2327
[17/Sep/2026 02:58:54] "GET /api/events/?calendar_from=2026-08-31&calendar_to=2026-10-11&calendar_month=2026-09&ordering=start_date,start_time,id&page=1&page_size=500 HTTP/1.1" 200 13643
[17/Sep/2026 02:59:10] "GET /api/notifications/summary/ HTTP/1.1" 200 2327
[17/Sep/2026 02:59:41] "GET /api/notifications/summary/ HTTP/1.1" 200 2327
[17/Sep/2026 03:00:11] "GET /api/notifications/summary/ HTTP/1.1" 200 2327
Unauthorized: /api/notifications/summary/
[17/Sep/2026 03:00:42] "GET /api/notifications/summary/ HTTP/1.1" 401 172
[17/Sep/2026 03:00:44] "POST /api/auth/refresh/ HTTP/1.1" 200 625
[17/Sep/2026 03:00:45] "GET /api/auth/me/ HTTP/1.1" 200 298
[17/Sep/2026 03:00:45] "GET /api/notifications/summary/ HTTP/1.1" 200 2327
[17/Sep/2026 03:00:58] "GET /api/leads/?page_size=500&ordering=-created_at HTTP/1.1" 200 77097
[17/Sep/2026 03:01:16] "GET /api/notifications/summary/ HTTP/1.1" 200 2327
[17/Sep/2026 03:01:46] "GET /api/notifications/summary/ HTTP/1.1" 200 2327
[17/Sep/2026 03:02:17] "GET /api/notifications/summary/ HTTP/1.1" 200 2327
[17/Sep/2026 03:02:48] "GET /api/notifications/summary/ HTTP/1.1" 200 2327
[17/Sep/2026 03:03:19] "GET /api/notifications/summary/ HTTP/1.1" 200 2327
[17/Sep/2026 03:03:49] "GET /api/notifications/summary/ HTTP/1.1" 200 2327
[17/Sep/2026 03:04:20] "GET /api/notifications/summary/ HTTP/1.1" 200 2327
[17/Sep/2026 03:04:50] "GET /api/notifications/summary/ HTTP/1.1" 200 2327
[17/Sep/2026 03:05:21] "GET /api/notifications/summary/ HTTP/1.1" 200 2327
[17/Sep/2026 03:05:52] "GET /api/notifications/summary/ HTTP/1.1" 200 2327
[17/Sep/2026 03:06:23] "GET /api/notifications/summary/ HTTP/1.1" 200 2327
[17/Sep/2026 03:06:53] "GET /api/notifications/summary/ HTTP/1.1" 200 2327
[17/Sep/2026 03:07:24] "GET /api/notifications/summary/ HTTP/1.1" 200 2327
[17/Sep/2026 03:07:55] "GET /api/notifications/summary/ HTTP/1.1" 200 2327
[17/Sep/2026 03:08:25] "GET /api/notifications/summary/ HTTP/1.1" 200 2327
[17/Sep/2026 03:08:56] "GET /api/notifications/summary/ HTTP/1.1" 200 2327
[17/Sep/2026 03:09:27] "GET /api/notifications/summary/ HTTP/1.1" 200 2327
[17/Sep/2026 03:09:57] "GET /api/notifications/summary/ HTTP/1.1" 200 2327
[17/Sep/2026 03:10:28] "GET /api/notifications/summary/ HTTP/1.1" 200 2327
Unauthorized: /api/notifications/summary/
[17/Sep/2026 03:10:39] "GET /api/notifications/summary/ HTTP/1.1" 401 172
[17/Sep/2026 03:10:40] "POST /api/auth/refresh/ HTTP/1.1" 200 625
[17/Sep/2026 03:10:41] "GET /api/auth/me/ HTTP/1.1" 200 298
[17/Sep/2026 03:10:41] "GET /api/notifications/summary/ HTTP/1.1" 200 2327
[17/Sep/2026 03:10:57] "GET /api/leads/?page_size=500&ordering=-created_at HTTP/1.1" 200 77097
[17/Sep/2026 03:10:58] "GET /api/notifications/summary/ HTTP/1.1" 200 2327
[17/Sep/2026 03:11:29] "GET /api/notifications/summary/ HTTP/1.1" 200 2327
[17/Sep/2026 03:12:00] "GET /api/notifications/summary/ HTTP/1.1" 200 2327
[17/Sep/2026 03:12:30] "GET /api/notifications/summary/ HTTP/1.1" 200 2327
[17/Sep/2026 03:13:01] "GET /api/notifications/summary/ HTTP/1.1" 200 2327
[17/Sep/2026 03:13:32] "GET /api/notifications/summary/ HTTP/1.1" 200 2327
[17/Sep/2026 03:14:02] "GET /api/notifications/summary/ HTTP/1.1" 200 2327
[17/Sep/2026 03:14:34] "GET /api/notifications/summary/ HTTP/1.1" 200 2327
[17/Sep/2026 03:15:05] "GET /api/notifications/summary/ HTTP/1.1" 200 2327
[17/Sep/2026 03:15:36] "GET /api/notifications/summary/ HTTP/1.1" 200 2327
Unauthorized: /api/notifications/summary/
[17/Sep/2026 03:16:06] "GET /api/notifications/summary/ HTTP/1.1" 401 172
[17/Sep/2026 03:16:07] "POST /api/auth/refresh/ HTTP/1.1" 200 625
[17/Sep/2026 03:16:08] "GET /api/auth/me/ HTTP/1.1" 200 298
[17/Sep/2026 03:16:08] "GET /api/notifications/summary/ HTTP/1.1" 200 2327
[17/Sep/2026 03:16:19] "GET /api/leads/?page_size=500&ordering=-created_at HTTP/1.1" 200 77097
[17/Sep/2026 03:16:39] "GET /api/notifications/summary/ HTTP/1.1" 200 2327
[17/Sep/2026 03:17:09] "GET /api/notifications/summary/ HTTP/1.1" 200 2327
[17/Sep/2026 03:17:40] "GET /api/notifications/summary/ HTTP/1.1" 200 2327
[17/Sep/2026 03:18:11] "GET /api/notifications/summary/ HTTP/1.1" 200 2327
[17/Sep/2026 03:18:37] "GET /api/photographers/?page_size=500 HTTP/1.1" 200 18896
[17/Sep/2026 03:18:38] "GET /api/photographers/?page_size=500 HTTP/1.1" 200 18896
[17/Sep/2026 03:18:41] "GET /api/notifications/summary/ HTTP/1.1" 200 2327
[17/Sep/2026 03:18:47] "GET /api/events/?page_size=5000&ordering=start_date,start_time,id HTTP/1.1" 200 999676
[17/Sep/2026 03:18:49] "GET /api/events/?page_size=5000&ordering=start_date,start_time,id HTTP/1.1" 200 999676
[17/Sep/2026 03:19:12] "GET /api/notifications/summary/ HTTP/1.1" 200 2327
[17/Sep/2026 03:19:43] "GET /api/notifications/summary/ HTTP/1.1" 200 2327
[17/Sep/2026 03:20:13] "GET /api/notifications/summary/ HTTP/1.1" 200 2327
[17/Sep/2026 03:21:14] "GET /api/notifications/summary/ HTTP/1.1" 200 2327
[17/Sep/2026 03:21:21] "GET /api/photographers/?page_size=500 HTTP/1.1" 200 18896
[17/Sep/2026 03:21:22] "GET /api/photographers/?page_size=500 HTTP/1.1" 200 18896
[17/Sep/2026 03:21:29] "GET /api/events/?page_size=5000&ordering=start_date,start_time,id HTTP/1.1" 200 999676
[17/Sep/2026 03:21:31] "GET /api/events/?page_size=5000&ordering=start_date,start_time,id HTTP/1.1" 200 999676
[17/Sep/2026 03:21:42] "GET /api/notifications/summary/ HTTP/1.1" 200 2327
[17/Sep/2026 03:21:44] "GET /api/notifications/summary/ HTTP/1.1" 200 2327
[17/Sep/2026 03:22:12] "GET /api/notifications/summary/ HTTP/1.1" 200 2327
[17/Sep/2026 03:22:15] "GET /api/notifications/summary/ HTTP/1.1" 200 2327
[17/Sep/2026 03:22:46] "GET /api/notifications/summary/ HTTP/1.1" 200 2327
[17/Sep/2026 03:23:16] "GET /api/notifications/summary/ HTTP/1.1" 200 2327
[17/Sep/2026 03:23:47] "GET /api/notifications/summary/ HTTP/1.1" 200 2327
[17/Sep/2026 03:24:17] "GET /api/notifications/summary/ HTTP/1.1" 200 2327
[17/Sep/2026 03:24:48] "GET /api/notifications/summary/ HTTP/1.1" 200 2327
[17/Sep/2026 03:25:19] "GET /api/notifications/summary/ HTTP/1.1" 200 2327
[17/Sep/2026 03:25:49] "GET /api/notifications/summary/ HTTP/1.1" 200 2327
[17/Sep/2026 03:26:20] "GET /api/notifications/summary/ HTTP/1.1" 200 2327
[17/Sep/2026 03:26:51] "GET /api/notifications/summary/ HTTP/1.1" 200 2327
[17/Sep/2026 03:27:21] "GET /api/notifications/summary/ HTTP/1.1" 200 2327
[17/Sep/2026 03:27:52] "GET /api/notifications/summary/ HTTP/1.1" 200 2327
[17/Sep/2026 03:28:23] "GET /api/notifications/summary/ HTTP/1.1" 200 2327
[17/Sep/2026 03:28:53] "GET /api/notifications/summary/ HTTP/1.1" 200 2327
[17/Sep/2026 03:29:24] "GET /api/notifications/summary/ HTTP/1.1" 200 2327
[17/Sep/2026 03:29:55] "GET /api/notifications/summary/ HTTP/1.1" 200 2327
[17/Sep/2026 03:30:25] "GET /api/notifications/summary/ HTTP/1.1" 200 2327
Unauthorized: /api/notifications/summary/
[17/Sep/2026 03:30:54] "GET /api/notifications/summary/ HTTP/1.1" 401 172
[17/Sep/2026 03:30:56] "POST /api/auth/refresh/ HTTP/1.1" 200 625
[17/Sep/2026 03:30:56] "GET /api/notifications/summary/ HTTP/1.1" 200 2327
[17/Sep/2026 03:30:56] "GET /api/auth/me/ HTTP/1.1" 200 298
[17/Sep/2026 03:30:56] "GET /api/notifications/summary/ HTTP/1.1" 200 2327
[17/Sep/2026 03:31:11] "GET /api/leads/?page_size=500&ordering=-created_at HTTP/1.1" 200 77097
Unauthorized: /api/notifications/summary/
[17/Sep/2026 03:31:26] "GET /api/notifications/summary/ HTTP/1.1" 401 172
[17/Sep/2026 03:31:27] "POST /api/auth/refresh/ HTTP/1.1" 200 625
[17/Sep/2026 03:31:28] "GET /api/auth/me/ HTTP/1.1" 200 298
[17/Sep/2026 03:31:28] "GET /api/notifications/summary/ HTTP/1.1" 200 2327
[17/Sep/2026 03:31:40] "GET /api/leads/?page_size=500&ordering=-created_at HTTP/1.1" 200 77097
[17/Sep/2026 03:31:59] "GET /api/notifications/summary/ HTTP/1.1" 200 2327
[17/Sep/2026 03:32:29] "GET /api/notifications/summary/ HTTP/1.1" 200 2327
[17/Sep/2026 03:33:00] "GET /api/notifications/summary/ HTTP/1.1" 200 2327
[17/Sep/2026 03:33:30] "GET /api/notifications/summary/ HTTP/1.1" 200 2327
[17/Sep/2026 03:34:01] "GET /api/notifications/summary/ HTTP/1.1" 200 2327
[17/Sep/2026 03:34:32] "GET /api/notifications/summary/ HTTP/1.1" 200 2327
[17/Sep/2026 03:35:03] "GET /api/notifications/summary/ HTTP/1.1" 200 2327
[17/Sep/2026 03:35:33] "GET /api/notifications/summary/ HTTP/1.1" 200 2327
[17/Sep/2026 03:36:04] "GET /api/notifications/summary/ HTTP/1.1" 200 2327
[17/Sep/2026 03:36:35] "GET /api/notifications/summary/ HTTP/1.1" 200 2327
[17/Sep/2026 03:37:05] "GET /api/notifications/summary/ HTTP/1.1" 200 2327
[17/Sep/2026 03:37:36] "GET /api/notifications/summary/ HTTP/1.1" 200 2327
[17/Sep/2026 03:38:06] "GET /api/notifications/summary/ HTTP/1.1" 200 2327
[17/Sep/2026 03:38:37] "GET /api/notifications/summary/ HTTP/1.1" 200 2327
[17/Sep/2026 03:39:08] "GET /api/notifications/summary/ HTTP/1.1" 200 2327
[17/Sep/2026 03:39:39] "GET /api/notifications/summary/ HTTP/1.1" 200 2327
[17/Sep/2026 03:40:09] "GET /api/notifications/summary/ HTTP/1.1" 200 2327
[17/Sep/2026 03:40:40] "GET /api/notifications/summary/ HTTP/1.1" 200 2327
[17/Sep/2026 03:41:11] "GET /api/notifications/summary/ HTTP/1.1" 200 2327
[17/Sep/2026 03:41:41] "GET /api/notifications/summary/ HTTP/1.1" 200 2327
[17/Sep/2026 03:42:12] "GET /api/notifications/summary/ HTTP/1.1" 200 2327
[17/Sep/2026 03:42:43] "GET /api/notifications/summary/ HTTP/1.1" 200 2327
[17/Sep/2026 03:43:14] "GET /api/notifications/summary/ HTTP/1.1" 200 2327
[17/Sep/2026 03:43:44] "GET /api/notifications/summary/ HTTP/1.1" 200 2327
[17/Sep/2026 03:44:15] "GET /api/notifications/summary/ HTTP/1.1" 200 2327
[17/Sep/2026 03:44:45] "GET /api/notifications/summary/ HTTP/1.1" 200 2327
[17/Sep/2026 03:45:16] "GET /api/notifications/summary/ HTTP/1.1" 200 2327
[17/Sep/2026 03:45:47] "GET /api/notifications/summary/ HTTP/1.1" 200 2327
[17/Sep/2026 03:46:17] "GET /api/notifications/summary/ HTTP/1.1" 200 2327
Unauthorized: /api/notifications/summary/
[17/Sep/2026 03:46:47] "GET /api/notifications/summary/ HTTP/1.1" 401 172
[17/Sep/2026 03:46:49] "POST /api/auth/refresh/ HTTP/1.1" 200 625
[17/Sep/2026 03:46:49] "GET /api/auth/me/ HTTP/1.1" 200 298
[17/Sep/2026 03:46:49] "GET /api/notifications/summary/ HTTP/1.1" 200 2327
[17/Sep/2026 03:47:01] "GET /api/leads/?page_size=500&ordering=-created_at HTTP/1.1" 200 77097
[17/Sep/2026 03:47:20] "GET /api/notifications/summary/ HTTP/1.1" 200 2327
[17/Sep/2026 03:47:51] "GET /api/notifications/summary/ HTTP/1.1" 200 2327
[17/Sep/2026 03:48:21] "GET /api/notifications/summary/ HTTP/1.1" 200 2327
[17/Sep/2026 03:48:52] "GET /api/notifications/summary/ HTTP/1.1" 200 2327
[17/Sep/2026 03:49:23] "GET /api/notifications/summary/ HTTP/1.1" 200 2327
[17/Sep/2026 03:49:53] "GET /api/notifications/summary/ HTTP/1.1" 200 2327
[17/Sep/2026 03:50:24] "GET /api/notifications/summary/ HTTP/1.1" 200 2327
[17/Sep/2026 03:50:55] "GET /api/notifications/summary/ HTTP/1.1" 200 2327
[17/Sep/2026 03:51:25] "GET /api/notifications/summary/ HTTP/1.1" 200 2327
[17/Sep/2026 03:51:56] "GET /api/notifications/summary/ HTTP/1.1" 200 2327
[17/Sep/2026 03:52:27] "GET /api/notifications/summary/ HTTP/1.1" 200 2327
[17/Sep/2026 03:52:57] "GET /api/notifications/summary/ HTTP/1.1" 200 2327
[17/Sep/2026 03:53:28] "GET /api/notifications/summary/ HTTP/1.1" 200 2327
[17/Sep/2026 03:53:58] "GET /api/notifications/summary/ HTTP/1.1" 200 2327
[17/Sep/2026 03:54:29] "GET /api/notifications/summary/ HTTP/1.1" 200 2327
[17/Sep/2026 03:55:00] "GET /api/notifications/summary/ HTTP/1.1" 200 2327
[17/Sep/2026 03:55:31] "GET /api/notifications/summary/ HTTP/1.1" 200 2327
[17/Sep/2026 03:56:01] "GET /api/notifications/summary/ HTTP/1.1" 200 2327
[17/Sep/2026 03:56:32] "GET /api/notifications/summary/ HTTP/1.1" 200 2327
[17/Sep/2026 03:57:02] "GET /api/notifications/summary/ HTTP/1.1" 200 2327
[17/Sep/2026 03:57:33] "GET /api/notifications/summary/ HTTP/1.1" 200 2327
[17/Sep/2026 03:58:04] "GET /api/notifications/summary/ HTTP/1.1" 200 2327
[17/Sep/2026 03:58:34] "GET /api/notifications/summary/ HTTP/1.1" 200 2327
[17/Sep/2026 03:59:05] "GET /api/notifications/summary/ HTTP/1.1" 200 2327
[17/Sep/2026 03:59:36] "GET /api/notifications/summary/ HTTP/1.1" 200 2327
[17/Sep/2026 04:00:06] "GET /api/notifications/summary/ HTTP/1.1" 200 2327
[17/Sep/2026 04:00:37] "GET /api/notifications/summary/ HTTP/1.1" 200 2327
[17/Sep/2026 04:01:08] "GET /api/notifications/summary/ HTTP/1.1" 200 2327
[17/Sep/2026 04:01:38] "GET /api/notifications/summary/ HTTP/1.1" 200 2327
Unauthorized: /api/notifications/summary/
[17/Sep/2026 04:02:08] "GET /api/notifications/summary/ HTTP/1.1" 401 172
[17/Sep/2026 04:02:10] "POST /api/auth/refresh/ HTTP/1.1" 200 625
[17/Sep/2026 04:02:10] "GET /api/auth/me/ HTTP/1.1" 200 298
[17/Sep/2026 04:02:10] "GET /api/notifications/summary/ HTTP/1.1" 200 2327
[17/Sep/2026 04:02:22] "GET /api/leads/?page_size=500&ordering=-created_at HTTP/1.1" 200 77097
[17/Sep/2026 04:02:41] "GET /api/notifications/summary/ HTTP/1.1" 200 2327
[17/Sep/2026 04:03:12] "GET /api/notifications/summary/ HTTP/1.1" 200 2327
[17/Sep/2026 04:03:42] "GET /api/notifications/summary/ HTTP/1.1" 200 2327
[17/Sep/2026 04:04:13] "GET /api/notifications/summary/ HTTP/1.1" 200 2327
[17/Sep/2026 04:04:43] "GET /api/notifications/summary/ HTTP/1.1" 200 2327
[17/Sep/2026 04:05:14] "GET /api/notifications/summary/ HTTP/1.1" 200 2327
[17/Sep/2026 04:05:45] "GET /api/notifications/summary/ HTTP/1.1" 200 2327
[17/Sep/2026 04:06:15] "GET /api/notifications/summary/ HTTP/1.1" 200 2327
[17/Sep/2026 04:06:46] "GET /api/notifications/summary/ HTTP/1.1" 200 2327
[17/Sep/2026 04:07:17] "GET /api/notifications/summary/ HTTP/1.1" 200 2327
[17/Sep/2026 04:07:47] "GET /api/notifications/summary/ HTTP/1.1" 200 2327
[17/Sep/2026 04:08:18] "GET /api/notifications/summary/ HTTP/1.1" 200 2327
[17/Sep/2026 04:08:48] "GET /api/notifications/summary/ HTTP/1.1" 200 2327
[17/Sep/2026 04:09:19] "GET /api/notifications/summary/ HTTP/1.1" 200 2327
[17/Sep/2026 04:09:50] "GET /api/notifications/summary/ HTTP/1.1" 200 2327
[17/Sep/2026 04:10:20] "GET /api/notifications/summary/ HTTP/1.1" 200 2327
[17/Sep/2026 04:10:51] "GET /api/notifications/summary/ HTTP/1.1" 200 2327
[17/Sep/2026 04:11:22] "GET /api/notifications/summary/ HTTP/1.1" 200 2327
[17/Sep/2026 04:11:52] "GET /api/notifications/summary/ HTTP/1.1" 200 2327
[17/Sep/2026 04:12:23] "GET /api/notifications/summary/ HTTP/1.1" 200 2327
[17/Sep/2026 04:12:54] "GET /api/notifications/summary/ HTTP/1.1" 200 2327
[17/Sep/2026 04:13:24] "GET /api/notifications/summary/ HTTP/1.1" 200 2327
[17/Sep/2026 04:13:55] "GET /api/notifications/summary/ HTTP/1.1" 200 2327
[17/Sep/2026 04:14:26] "GET /api/notifications/summary/ HTTP/1.1" 200 2327
[17/Sep/2026 04:14:56] "GET /api/notifications/summary/ HTTP/1.1" 200 2327
[17/Sep/2026 04:15:27] "GET /api/notifications/summary/ HTTP/1.1" 200 2327
[17/Sep/2026 04:15:58] "GET /api/notifications/summary/ HTTP/1.1" 200 2327
[17/Sep/2026 04:16:28] "GET /api/notifications/summary/ HTTP/1.1" 200 2327
[17/Sep/2026 04:16:59] "GET /api/notifications/summary/ HTTP/1.1" 200 2327
Unauthorized: /api/notifications/summary/
[17/Sep/2026 04:17:29] "GET /api/notifications/summary/ HTTP/1.1" 401 172
[17/Sep/2026 04:17:30] "POST /api/auth/refresh/ HTTP/1.1" 200 625
[17/Sep/2026 04:17:31] "GET /api/auth/me/ HTTP/1.1" 200 298
[17/Sep/2026 04:17:31] "GET /api/notifications/summary/ HTTP/1.1" 200 2327
[17/Sep/2026 04:17:43] "GET /api/leads/?page_size=500&ordering=-created_at HTTP/1.1" 200 77097
[17/Sep/2026 04:18:02] "GET /api/notifications/summary/ HTTP/1.1" 200 2327
[17/Sep/2026 04:18:32] "GET /api/notifications/summary/ HTTP/1.1" 200 2327
[17/Sep/2026 04:19:03] "GET /api/notifications/summary/ HTTP/1.1" 200 2327
[17/Sep/2026 04:19:34] "GET /api/notifications/summary/ HTTP/1.1" 200 2327
[17/Sep/2026 04:20:04] "GET /api/notifications/summary/ HTTP/1.1" 200 2327
[17/Sep/2026 04:20:35] "GET /api/notifications/summary/ HTTP/1.1" 200 2327
[17/Sep/2026 04:21:06] "GET /api/notifications/summary/ HTTP/1.1" 200 2327
[17/Sep/2026 04:21:36] "GET /api/notifications/summary/ HTTP/1.1" 200 2327
[17/Sep/2026 04:22:07] "GET /api/notifications/summary/ HTTP/1.1" 200 2327
[17/Sep/2026 04:22:37] "GET /api/notifications/summary/ HTTP/1.1" 200 2327
[17/Sep/2026 04:23:08] "GET /api/notifications/summary/ HTTP/1.1" 200 2327
[17/Sep/2026 04:23:39] "GET /api/notifications/summary/ HTTP/1.1" 200 2327
[17/Sep/2026 04:24:10] "GET /api/notifications/summary/ HTTP/1.1" 200 2327
[17/Sep/2026 04:24:40] "GET /api/notifications/summary/ HTTP/1.1" 200 2327
[17/Sep/2026 04:25:11] "GET /api/notifications/summary/ HTTP/1.1" 200 2327
[17/Sep/2026 04:25:42] "GET /api/notifications/summary/ HTTP/1.1" 200 2327
[17/Sep/2026 04:26:13] "GET /api/notifications/summary/ HTTP/1.1" 200 2327
[17/Sep/2026 04:26:43] "GET /api/notifications/summary/ HTTP/1.1" 200 2327
[17/Sep/2026 04:27:14] "GET /api/notifications/summary/ HTTP/1.1" 200 2327
[17/Sep/2026 04:27:45] "GET /api/notifications/summary/ HTTP/1.1" 200 2327
[17/Sep/2026 04:28:15] "GET /api/notifications/summary/ HTTP/1.1" 200 2327
[17/Sep/2026 04:28:46] "GET /api/notifications/summary/ HTTP/1.1" 200 2327
[17/Sep/2026 04:29:17] "GET /api/notifications/summary/ HTTP/1.1" 200 2327
[17/Sep/2026 04:29:47] "GET /api/notifications/summary/ HTTP/1.1" 200 2327
[17/Sep/2026 04:30:17] "OPTIONS /api/notifications/summary/ HTTP/1.1" 200 0
[17/Sep/2026 04:30:18] "GET /api/notifications/summary/ HTTP/1.1" 200 2327
[17/Sep/2026 04:30:49] "GET /api/notifications/summary/ HTTP/1.1" 200 2327
[17/Sep/2026 04:31:20] "GET /api/notifications/summary/ HTTP/1.1" 200 2327
[17/Sep/2026 04:31:50] "GET /api/notifications/summary/ HTTP/1.1" 200 2327
[17/Sep/2026 04:32:21] "GET /api/notifications/summary/ HTTP/1.1" 200 2327
Unauthorized: /api/notifications/summary/
[17/Sep/2026 04:32:51] "GET /api/notifications/summary/ HTTP/1.1" 401 172
[17/Sep/2026 04:32:53] "POST /api/auth/refresh/ HTTP/1.1" 200 625
[17/Sep/2026 04:32:53] "OPTIONS /api/auth/me/ HTTP/1.1" 200 0
[17/Sep/2026 04:32:53] "OPTIONS /api/leads/?page_size=500&ordering=-created_at HTTP/1.1" 200 0
[17/Sep/2026 04:32:53] "GET /api/auth/me/ HTTP/1.1" 200 298
[17/Sep/2026 04:32:53] "GET /api/notifications/summary/ HTTP/1.1" 200 2327
[17/Sep/2026 04:33:05] "GET /api/leads/?page_size=500&ordering=-created_at HTTP/1.1" 200 77097
[17/Sep/2026 04:33:24] "GET /api/notifications/summary/ HTTP/1.1" 200 2327
[17/Sep/2026 04:33:55] "GET /api/notifications/summary/ HTTP/1.1" 200 2327
[17/Sep/2026 04:34:25] "GET /api/notifications/summary/ HTTP/1.1" 200 2327
[17/Sep/2026 04:34:56] "GET /api/notifications/summary/ HTTP/1.1" 200 2327
[17/Sep/2026 04:35:26] "GET /api/notifications/summary/ HTTP/1.1" 200 2327
[17/Sep/2026 04:35:57] "GET /api/notifications/summary/ HTTP/1.1" 200 2327
[17/Sep/2026 04:36:28] "GET /api/notifications/summary/ HTTP/1.1" 200 2327
[17/Sep/2026 04:36:58] "GET /api/notifications/summary/ HTTP/1.1" 200 2327
[17/Sep/2026 04:37:29] "GET /api/notifications/summary/ HTTP/1.1" 200 2327
[17/Sep/2026 04:38:00] "GET /api/notifications/summary/ HTTP/1.1" 200 2327
[17/Sep/2026 04:38:30] "GET /api/notifications/summary/ HTTP/1.1" 200 2327
[17/Sep/2026 04:39:01] "GET /api/notifications/summary/ HTTP/1.1" 200 2327
[17/Sep/2026 04:39:32] "GET /api/notifications/summary/ HTTP/1.1" 200 2327
[17/Sep/2026 04:40:02] "GET /api/notifications/summary/ HTTP/1.1" 200 2327
[17/Sep/2026 04:40:33] "GET /api/notifications/summary/ HTTP/1.1" 200 2327
[17/Sep/2026 04:41:04] "GET /api/notifications/summary/ HTTP/1.1" 200 2327
[17/Sep/2026 04:41:35] "GET /api/notifications/summary/ HTTP/1.1" 200 2327
[17/Sep/2026 04:42:06] "GET /api/notifications/summary/ HTTP/1.1" 200 2327
[17/Sep/2026 04:42:37] "GET /api/notifications/summary/ HTTP/1.1" 200 2327
[17/Sep/2026 04:43:07] "GET /api/notifications/summary/ HTTP/1.1" 200 2327
[17/Sep/2026 04:43:38] "GET /api/notifications/summary/ HTTP/1.1" 200 2327
[17/Sep/2026 04:44:09] "GET /api/notifications/summary/ HTTP/1.1" 200 2327
[17/Sep/2026 04:44:39] "GET /api/notifications/summary/ HTTP/1.1" 200 2327
[17/Sep/2026 04:45:10] "GET /api/notifications/summary/ HTTP/1.1" 200 2327
[17/Sep/2026 04:45:41] "GET /api/notifications/summary/ HTTP/1.1" 200 2327
[17/Sep/2026 04:46:11] "GET /api/notifications/summary/ HTTP/1.1" 200 2327
[17/Sep/2026 04:46:42] "GET /api/notifications/summary/ HTTP/1.1" 200 2327
[17/Sep/2026 04:47:13] "GET /api/notifications/summary/ HTTP/1.1" 200 2327
[17/Sep/2026 04:47:44] "GET /api/notifications/summary/ HTTP/1.1" 200 2327
Unauthorized: /api/notifications/summary/
[17/Sep/2026 04:48:14] "GET /api/notifications/summary/ HTTP/1.1" 401 172
[17/Sep/2026 04:48:14] "OPTIONS /api/auth/refresh/ HTTP/1.1" 200 0
[17/Sep/2026 04:48:15] "POST /api/auth/refresh/ HTTP/1.1" 200 625
[17/Sep/2026 04:48:16] "GET /api/auth/me/ HTTP/1.1" 200 298
[17/Sep/2026 04:48:16] "GET /api/notifications/summary/ HTTP/1.1" 200 2327
[17/Sep/2026 04:48:28] "GET /api/leads/?page_size=500&ordering=-created_at HTTP/1.1" 200 77097
[17/Sep/2026 04:48:47] "GET /api/notifications/summary/ HTTP/1.1" 200 2327
[17/Sep/2026 04:49:17] "GET /api/notifications/summary/ HTTP/1.1" 200 2327
[17/Sep/2026 04:49:48] "GET /api/notifications/summary/ HTTP/1.1" 200 2327
[17/Sep/2026 04:50:19] "GET /api/notifications/summary/ HTTP/1.1" 200 2327
[17/Sep/2026 04:50:49] "GET /api/notifications/summary/ HTTP/1.1" 200 2327
[17/Sep/2026 04:51:20] "GET /api/notifications/summary/ HTTP/1.1" 200 2327
[17/Sep/2026 04:51:51] "GET /api/notifications/summary/ HTTP/1.1" 200 2327
[17/Sep/2026 04:52:22] "GET /api/notifications/summary/ HTTP/1.1" 200 2327
[17/Sep/2026 04:52:52] "GET /api/notifications/summary/ HTTP/1.1" 200 2327
[17/Sep/2026 04:53:23] "GET /api/notifications/summary/ HTTP/1.1" 200 2327
[17/Sep/2026 04:53:54] "GET /api/notifications/summary/ HTTP/1.1" 200 2327
[17/Sep/2026 04:54:25] "GET /api/notifications/summary/ HTTP/1.1" 200 2327
[17/Sep/2026 04:54:55] "GET /api/notifications/summary/ HTTP/1.1" 200 2327
[17/Sep/2026 04:55:26] "GET /api/notifications/summary/ HTTP/1.1" 200 2327
[17/Sep/2026 04:55:57] "GET /api/notifications/summary/ HTTP/1.1" 200 2327
[17/Sep/2026 04:56:27] "GET /api/notifications/summary/ HTTP/1.1" 200 2327
[17/Sep/2026 04:56:58] "GET /api/notifications/summary/ HTTP/1.1" 200 2327
[17/Sep/2026 04:57:29] "GET /api/notifications/summary/ HTTP/1.1" 200 2327
[17/Sep/2026 04:57:59] "GET /api/notifications/summary/ HTTP/1.1" 200 2327
[17/Sep/2026 04:58:30] "GET /api/notifications/summary/ HTTP/1.1" 200 2327
[17/Sep/2026 04:59:01] "GET /api/notifications/summary/ HTTP/1.1" 200 2327
[17/Sep/2026 04:59:31] "GET /api/notifications/summary/ HTTP/1.1" 200 2327
[17/Sep/2026 05:00:02] "GET /api/notifications/summary/ HTTP/1.1" 200 2327
[17/Sep/2026 05:00:32] "GET /api/notifications/summary/ HTTP/1.1" 200 2327
[17/Sep/2026 05:01:03] "GET /api/notifications/summary/ HTTP/1.1" 200 2327
[17/Sep/2026 05:01:34] "GET /api/notifications/summary/ HTTP/1.1" 200 2327
[17/Sep/2026 05:02:05] "GET /api/notifications/summary/ HTTP/1.1" 200 2327
[17/Sep/2026 05:02:35] "GET /api/notifications/summary/ HTTP/1.1" 200 2327
[17/Sep/2026 05:03:06] "GET /api/notifications/summary/ HTTP/1.1" 200 2327
Unauthorized: /api/notifications/summary/
[17/Sep/2026 05:03:36] "GET /api/notifications/summary/ HTTP/1.1" 401 172
[17/Sep/2026 05:03:37] "POST /api/auth/refresh/ HTTP/1.1" 200 625
[17/Sep/2026 05:03:38] "GET /api/auth/me/ HTTP/1.1" 200 298
[17/Sep/2026 05:03:38] "GET /api/notifications/summary/ HTTP/1.1" 200 2327
[17/Sep/2026 05:03:50] "GET /api/leads/?page_size=500&ordering=-created_at HTTP/1.1" 200 77097
[17/Sep/2026 05:04:09] "GET /api/notifications/summary/ HTTP/1.1" 200 2327
[17/Sep/2026 05:04:39] "GET /api/notifications/summary/ HTTP/1.1" 200 2327
[17/Sep/2026 05:05:10] "GET /api/notifications/summary/ HTTP/1.1" 200 2327
[17/Sep/2026 05:05:41] "GET /api/notifications/summary/ HTTP/1.1" 200 2327
[17/Sep/2026 05:06:11] "GET /api/notifications/summary/ HTTP/1.1" 200 2327
[17/Sep/2026 05:06:42] "GET /api/notifications/summary/ HTTP/1.1" 200 2327
[17/Sep/2026 05:07:13] "GET /api/notifications/summary/ HTTP/1.1" 200 2327
[17/Sep/2026 05:07:43] "GET /api/notifications/summary/ HTTP/1.1" 200 2327
[17/Sep/2026 05:08:14] "GET /api/notifications/summary/ HTTP/1.1" 200 2327
[17/Sep/2026 05:08:45] "GET /api/notifications/summary/ HTTP/1.1" 200 2327
[17/Sep/2026 05:09:15] "GET /api/notifications/summary/ HTTP/1.1" 200 2327
[17/Sep/2026 05:09:46] "GET /api/notifications/summary/ HTTP/1.1" 200 2327
[17/Sep/2026 05:10:17] "GET /api/notifications/summary/ HTTP/1.1" 200 2327
[17/Sep/2026 05:10:47] "GET /api/notifications/summary/ HTTP/1.1" 200 2327
[17/Sep/2026 05:11:18] "GET /api/notifications/summary/ HTTP/1.1" 200 2327
[17/Sep/2026 05:11:49] "GET /api/notifications/summary/ HTTP/1.1" 200 2327
[17/Sep/2026 05:12:19] "GET /api/notifications/summary/ HTTP/1.1" 200 2327
[17/Sep/2026 05:12:50] "GET /api/notifications/summary/ HTTP/1.1" 200 2327
[17/Sep/2026 05:13:21] "GET /api/notifications/summary/ HTTP/1.1" 200 2327
[17/Sep/2026 05:13:51] "GET /api/notifications/summary/ HTTP/1.1" 200 2327
[17/Sep/2026 05:14:22] "GET /api/notifications/summary/ HTTP/1.1" 200 2327
[17/Sep/2026 05:14:53] "GET /api/notifications/summary/ HTTP/1.1" 200 2327
[17/Sep/2026 05:15:23] "GET /api/notifications/summary/ HTTP/1.1" 200 2327
[17/Sep/2026 05:15:54] "GET /api/notifications/summary/ HTTP/1.1" 200 2327
[17/Sep/2026 05:16:25] "GET /api/notifications/summary/ HTTP/1.1" 200 2327
[17/Sep/2026 05:16:55] "GET /api/notifications/summary/ HTTP/1.1" 200 2327
[17/Sep/2026 05:17:26] "GET /api/notifications/summary/ HTTP/1.1" 200 2327
[17/Sep/2026 05:17:57] "GET /api/notifications/summary/ HTTP/1.1" 200 2327
[17/Sep/2026 05:18:27] "GET /api/notifications/summary/ HTTP/1.1" 200 2327
Unauthorized: /api/notifications/summary/
[17/Sep/2026 05:18:57] "GET /api/notifications/summary/ HTTP/1.1" 401 172
[17/Sep/2026 05:18:59] "POST /api/auth/refresh/ HTTP/1.1" 200 625
[17/Sep/2026 05:18:59] "GET /api/auth/me/ HTTP/1.1" 200 298
[17/Sep/2026 05:19:00] "GET /api/notifications/summary/ HTTP/1.1" 200 2327
[17/Sep/2026 05:19:11] "GET /api/leads/?page_size=500&ordering=-created_at HTTP/1.1" 200 77097
[17/Sep/2026 05:19:30] "GET /api/notifications/summary/ HTTP/1.1" 200 2327
[17/Sep/2026 05:20:01] "GET /api/notifications/summary/ HTTP/1.1" 200 2327
[17/Sep/2026 05:20:32] "GET /api/notifications/summary/ HTTP/1.1" 200 2327
[17/Sep/2026 05:21:02] "GET /api/notifications/summary/ HTTP/1.1" 200 2327
[17/Sep/2026 05:21:33] "GET /api/notifications/summary/ HTTP/1.1" 200 2327
[17/Sep/2026 05:22:04] "GET /api/notifications/summary/ HTTP/1.1" 200 2327
[17/Sep/2026 05:22:34] "GET /api/notifications/summary/ HTTP/1.1" 200 2327
[17/Sep/2026 05:23:05] "GET /api/notifications/summary/ HTTP/1.1" 200 2327
[17/Sep/2026 05:23:36] "GET /api/notifications/summary/ HTTP/1.1" 200 2327
[17/Sep/2026 05:24:06] "GET /api/notifications/summary/ HTTP/1.1" 200 2327
[17/Sep/2026 05:24:37] "GET /api/notifications/summary/ HTTP/1.1" 200 2327
[17/Sep/2026 05:25:07] "GET /api/notifications/summary/ HTTP/1.1" 200 2327
[17/Sep/2026 05:25:38] "GET /api/notifications/summary/ HTTP/1.1" 200 2327
[17/Sep/2026 05:26:09] "GET /api/notifications/summary/ HTTP/1.1" 200 2327
[17/Sep/2026 05:26:39] "GET /api/notifications/summary/ HTTP/1.1" 200 2327
[17/Sep/2026 05:27:10] "GET /api/notifications/summary/ HTTP/1.1" 200 2327
[17/Sep/2026 05:27:41] "GET /api/notifications/summary/ HTTP/1.1" 200 2327
[17/Sep/2026 05:28:11] "GET /api/notifications/summary/ HTTP/1.1" 200 2327
[17/Sep/2026 05:28:42] "GET /api/notifications/summary/ HTTP/1.1" 200 2327
[17/Sep/2026 05:29:13] "GET /api/notifications/summary/ HTTP/1.1" 200 2327
[17/Sep/2026 05:29:43] "GET /api/notifications/summary/ HTTP/1.1" 200 2327
[17/Sep/2026 05:30:14] "GET /api/notifications/summary/ HTTP/1.1" 200 2327
[17/Sep/2026 05:30:45] "GET /api/notifications/summary/ HTTP/1.1" 200 2327
[17/Sep/2026 05:31:15] "GET /api/notifications/summary/ HTTP/1.1" 200 2327
[17/Sep/2026 05:31:46] "GET /api/notifications/summary/ HTTP/1.1" 200 2327
[17/Sep/2026 05:32:17] "GET /api/notifications/summary/ HTTP/1.1" 200 2327
[17/Sep/2026 05:32:48] "GET /api/notifications/summary/ HTTP/1.1" 200 2327
[17/Sep/2026 05:33:18] "GET /api/notifications/summary/ HTTP/1.1" 200 2327
[17/Sep/2026 05:33:49] "GET /api/notifications/summary/ HTTP/1.1" 200 2327
Unauthorized: /api/notifications/summary/
[17/Sep/2026 05:34:19] "GET /api/notifications/summary/ HTTP/1.1" 401 172
[17/Sep/2026 05:34:20] "POST /api/auth/refresh/ HTTP/1.1" 200 625
[17/Sep/2026 05:34:21] "GET /api/auth/me/ HTTP/1.1" 200 298
[17/Sep/2026 05:34:21] "GET /api/notifications/summary/ HTTP/1.1" 200 2327
[17/Sep/2026 05:34:34] "GET /api/leads/?page_size=500&ordering=-created_at HTTP/1.1" 200 77097
[17/Sep/2026 05:34:52] "GET /api/notifications/summary/ HTTP/1.1" 200 2327
[17/Sep/2026 05:35:22] "GET /api/notifications/summary/ HTTP/1.1" 200 2327
[17/Sep/2026 05:35:53] "GET /api/notifications/summary/ HTTP/1.1" 200 2327
[17/Sep/2026 05:36:24] "GET /api/notifications/summary/ HTTP/1.1" 200 2327
[17/Sep/2026 05:36:55] "GET /api/notifications/summary/ HTTP/1.1" 200 2327
[17/Sep/2026 05:37:25] "GET /api/notifications/summary/ HTTP/1.1" 200 2327
[17/Sep/2026 05:37:56] "GET /api/notifications/summary/ HTTP/1.1" 200 2327
[17/Sep/2026 05:38:27] "GET /api/notifications/summary/ HTTP/1.1" 200 2327
[17/Sep/2026 05:38:58] "GET /api/notifications/summary/ HTTP/1.1" 200 2327
[17/Sep/2026 05:39:28] "GET /api/notifications/summary/ HTTP/1.1" 200 2327
[17/Sep/2026 05:39:59] "GET /api/notifications/summary/ HTTP/1.1" 200 2327
[17/Sep/2026 05:40:30] "GET /api/notifications/summary/ HTTP/1.1" 200 2327
[17/Sep/2026 05:41:00] "GET /api/notifications/summary/ HTTP/1.1" 200 2327
[17/Sep/2026 05:41:31] "GET /api/notifications/summary/ HTTP/1.1" 200 2327
[17/Sep/2026 05:42:02] "GET /api/notifications/summary/ HTTP/1.1" 200 2327
[17/Sep/2026 05:42:32] "GET /api/notifications/summary/ HTTP/1.1" 200 2327
[17/Sep/2026 05:43:03] "GET /api/notifications/summary/ HTTP/1.1" 200 2327
[17/Sep/2026 05:43:34] "GET /api/notifications/summary/ HTTP/1.1" 200 2327
[17/Sep/2026 05:44:04] "GET /api/notifications/summary/ HTTP/1.1" 200 2327
[17/Sep/2026 05:44:35] "GET /api/notifications/summary/ HTTP/1.1" 200 2327
[17/Sep/2026 05:45:06] "GET /api/notifications/summary/ HTTP/1.1" 200 2327
[17/Sep/2026 05:45:36] "GET /api/notifications/summary/ HTTP/1.1" 200 2327
[17/Sep/2026 05:46:07] "GET /api/notifications/summary/ HTTP/1.1" 200 2327
[17/Sep/2026 05:46:38] "GET /api/notifications/summary/ HTTP/1.1" 200 2327
[17/Sep/2026 05:47:09] "GET /api/notifications/summary/ HTTP/1.1" 200 2327
[17/Sep/2026 05:47:39] "GET /api/notifications/summary/ HTTP/1.1" 200 2327
[17/Sep/2026 05:48:10] "GET /api/notifications/summary/ HTTP/1.1" 200 2327
[17/Sep/2026 05:48:41] "GET /api/notifications/summary/ HTTP/1.1" 200 2327
[17/Sep/2026 05:49:11] "GET /api/notifications/summary/ HTTP/1.1" 200 2327
Unauthorized: /api/notifications/summary/
[17/Sep/2026 05:49:41] "GET /api/notifications/summary/ HTTP/1.1" 401 172
[17/Sep/2026 05:49:43] "POST /api/auth/refresh/ HTTP/1.1" 200 625
[17/Sep/2026 05:49:43] "GET /api/auth/me/ HTTP/1.1" 200 298
[17/Sep/2026 05:49:43] "GET /api/notifications/summary/ HTTP/1.1" 200 2327
[17/Sep/2026 05:49:58] "GET /api/leads/?page_size=500&ordering=-created_at HTTP/1.1" 200 77097
[17/Sep/2026 05:50:14] "GET /api/notifications/summary/ HTTP/1.1" 200 2327
[17/Sep/2026 05:50:45] "GET /api/notifications/summary/ HTTP/1.1" 200 2327
[17/Sep/2026 05:51:16] "GET /api/notifications/summary/ HTTP/1.1" 200 2327
[17/Sep/2026 05:51:46] "GET /api/notifications/summary/ HTTP/1.1" 200 2327
[17/Sep/2026 05:52:17] "GET /api/notifications/summary/ HTTP/1.1" 200 2327
[17/Sep/2026 05:52:48] "GET /api/notifications/summary/ HTTP/1.1" 200 2327
[17/Sep/2026 05:53:18] "GET /api/notifications/summary/ HTTP/1.1" 200 2327
[17/Sep/2026 05:53:49] "GET /api/notifications/summary/ HTTP/1.1" 200 2327
[17/Sep/2026 05:54:20] "GET /api/notifications/summary/ HTTP/1.1" 200 2327
[17/Sep/2026 05:54:50] "GET /api/notifications/summary/ HTTP/1.1" 200 2327
[17/Sep/2026 05:55:21] "GET /api/notifications/summary/ HTTP/1.1" 200 2327
[17/Sep/2026 05:55:51] "GET /api/notifications/summary/ HTTP/1.1" 200 2327
[17/Sep/2026 05:56:22] "GET /api/notifications/summary/ HTTP/1.1" 200 2327
[17/Sep/2026 05:56:53] "GET /api/notifications/summary/ HTTP/1.1" 200 2327
[17/Sep/2026 05:57:23] "GET /api/notifications/summary/ HTTP/1.1" 200 2327
[17/Sep/2026 05:57:54] "GET /api/notifications/summary/ HTTP/1.1" 200 2327
[17/Sep/2026 05:58:25] "GET /api/notifications/summary/ HTTP/1.1" 200 2327
[17/Sep/2026 05:58:55] "GET /api/notifications/summary/ HTTP/1.1" 200 2327
[17/Sep/2026 05:59:26] "GET /api/notifications/summary/ HTTP/1.1" 200 2327
[17/Sep/2026 05:59:57] "GET /api/notifications/summary/ HTTP/1.1" 200 2327
[17/Sep/2026 06:00:27] "GET /api/notifications/summary/ HTTP/1.1" 200 2327
[17/Sep/2026 06:00:58] "GET /api/notifications/summary/ HTTP/1.1" 200 2327
[17/Sep/2026 06:01:28] "GET /api/notifications/summary/ HTTP/1.1" 200 2327
[17/Sep/2026 06:01:59] "GET /api/notifications/summary/ HTTP/1.1" 200 2327
[17/Sep/2026 06:02:30] "GET /api/notifications/summary/ HTTP/1.1" 200 2327
[17/Sep/2026 06:03:00] "GET /api/notifications/summary/ HTTP/1.1" 200 2327
[17/Sep/2026 06:03:31] "GET /api/notifications/summary/ HTTP/1.1" 200 2327
[17/Sep/2026 06:04:02] "GET /api/notifications/summary/ HTTP/1.1" 200 2327
[17/Sep/2026 06:04:32] "GET /api/notifications/summary/ HTTP/1.1" 200 2327
Unauthorized: /api/notifications/summary/
[17/Sep/2026 06:05:02] "GET /api/notifications/summary/ HTTP/1.1" 401 172
[17/Sep/2026 06:05:04] "POST /api/auth/refresh/ HTTP/1.1" 200 625
[17/Sep/2026 06:05:05] "GET /api/auth/me/ HTTP/1.1" 200 298
[17/Sep/2026 06:05:05] "GET /api/notifications/summary/ HTTP/1.1" 200 2327
[17/Sep/2026 06:05:22] "GET /api/leads/?page_size=500&ordering=-created_at HTTP/1.1" 200 77097
[17/Sep/2026 06:05:35] "GET /api/notifications/summary/ HTTP/1.1" 200 2327
[17/Sep/2026 06:06:06] "GET /api/notifications/summary/ HTTP/1.1" 200 2327
[17/Sep/2026 06:06:37] "GET /api/notifications/summary/ HTTP/1.1" 200 2327
[17/Sep/2026 06:07:07] "GET /api/notifications/summary/ HTTP/1.1" 200 2327
[17/Sep/2026 06:07:38] "GET /api/notifications/summary/ HTTP/1.1" 200 2327
[17/Sep/2026 06:08:09] "GET /api/notifications/summary/ HTTP/1.1" 200 2327
[17/Sep/2026 06:08:40] "GET /api/notifications/summary/ HTTP/1.1" 200 2327
[17/Sep/2026 06:09:10] "GET /api/notifications/summary/ HTTP/1.1" 200 2327
[17/Sep/2026 06:09:41] "GET /api/notifications/summary/ HTTP/1.1" 200 2327
[17/Sep/2026 06:10:12] "GET /api/notifications/summary/ HTTP/1.1" 200 2327
[17/Sep/2026 06:10:42] "GET /api/notifications/summary/ HTTP/1.1" 200 2327
[17/Sep/2026 06:11:13] "GET /api/notifications/summary/ HTTP/1.1" 200 2327
[17/Sep/2026 06:11:44] "GET /api/notifications/summary/ HTTP/1.1" 200 2327
[17/Sep/2026 06:12:15] "GET /api/notifications/summary/ HTTP/1.1" 200 2327
[17/Sep/2026 06:12:45] "GET /api/notifications/summary/ HTTP/1.1" 200 2327
[17/Sep/2026 06:13:16] "GET /api/notifications/summary/ HTTP/1.1" 200 2327
[17/Sep/2026 06:13:46] "GET /api/notifications/summary/ HTTP/1.1" 200 2327
[17/Sep/2026 06:14:17] "GET /api/notifications/summary/ HTTP/1.1" 200 2327
[17/Sep/2026 06:14:48] "GET /api/notifications/summary/ HTTP/1.1" 200 2327
[17/Sep/2026 06:15:18] "GET /api/notifications/summary/ HTTP/1.1" 200 2327
[17/Sep/2026 06:15:49] "GET /api/notifications/summary/ HTTP/1.1" 200 2327
[17/Sep/2026 06:16:20] "GET /api/notifications/summary/ HTTP/1.1" 200 2327
[17/Sep/2026 06:16:50] "GET /api/notifications/summary/ HTTP/1.1" 200 2327
[17/Sep/2026 06:17:21] "GET /api/notifications/summary/ HTTP/1.1" 200 2327
[17/Sep/2026 06:17:52] "GET /api/notifications/summary/ HTTP/1.1" 200 2327
[17/Sep/2026 06:18:22] "GET /api/notifications/summary/ HTTP/1.1" 200 2327
[17/Sep/2026 06:18:53] "GET /api/notifications/summary/ HTTP/1.1" 200 2327
[17/Sep/2026 06:19:24] "GET /api/notifications/summary/ HTTP/1.1" 200 2327
[17/Sep/2026 06:19:55] "GET /api/notifications/summary/ HTTP/1.1" 200 2327
Unauthorized: /api/notifications/summary/
[17/Sep/2026 06:20:25] "GET /api/notifications/summary/ HTTP/1.1" 401 172
[17/Sep/2026 06:20:26] "POST /api/auth/refresh/ HTTP/1.1" 200 625
[17/Sep/2026 06:20:26] "GET /api/auth/me/ HTTP/1.1" 200 298
[17/Sep/2026 06:20:27] "GET /api/notifications/summary/ HTTP/1.1" 200 2327
[17/Sep/2026 06:20:39] "GET /api/leads/?page_size=500&ordering=-created_at HTTP/1.1" 200 77097
[17/Sep/2026 06:20:57] "GET /api/notifications/summary/ HTTP/1.1" 200 2327
[17/Sep/2026 06:21:28] "GET /api/notifications/summary/ HTTP/1.1" 200 2327
[17/Sep/2026 06:21:59] "GET /api/notifications/summary/ HTTP/1.1" 200 2327
[17/Sep/2026 06:22:29] "GET /api/notifications/summary/ HTTP/1.1" 200 2327
[17/Sep/2026 06:23:00] "GET /api/notifications/summary/ HTTP/1.1" 200 2327
[17/Sep/2026 06:23:31] "GET /api/notifications/summary/ HTTP/1.1" 200 2327
[17/Sep/2026 06:24:01] "GET /api/notifications/summary/ HTTP/1.1" 200 2327
[17/Sep/2026 06:24:32] "GET /api/notifications/summary/ HTTP/1.1" 200 2327
[17/Sep/2026 06:25:03] "GET /api/notifications/summary/ HTTP/1.1" 200 2327
[17/Sep/2026 06:25:33] "GET /api/notifications/summary/ HTTP/1.1" 200 2327
[17/Sep/2026 06:26:04] "GET /api/notifications/summary/ HTTP/1.1" 200 2327
[17/Sep/2026 06:26:34] "GET /api/notifications/summary/ HTTP/1.1" 200 2327
[17/Sep/2026 06:27:05] "GET /api/notifications/summary/ HTTP/1.1" 200 2327
[17/Sep/2026 06:27:36] "GET /api/notifications/summary/ HTTP/1.1" 200 2327
[17/Sep/2026 06:28:06] "GET /api/notifications/summary/ HTTP/1.1" 200 2327
[17/Sep/2026 06:28:37] "GET /api/notifications/summary/ HTTP/1.1" 200 2327
[17/Sep/2026 06:29:08] "GET /api/notifications/summary/ HTTP/1.1" 200 2327
[17/Sep/2026 06:29:38] "GET /api/notifications/summary/ HTTP/1.1" 200 2327
[17/Sep/2026 06:30:09] "GET /api/notifications/summary/ HTTP/1.1" 200 2327
[17/Sep/2026 06:30:39] "OPTIONS /api/notifications/summary/ HTTP/1.1" 200 0
[17/Sep/2026 06:30:40] "GET /api/notifications/summary/ HTTP/1.1" 200 2327
[17/Sep/2026 06:31:10] "GET /api/notifications/summary/ HTTP/1.1" 200 2327
[17/Sep/2026 06:31:41] "GET /api/notifications/summary/ HTTP/1.1" 200 2327
[17/Sep/2026 06:32:12] "GET /api/notifications/summary/ HTTP/1.1" 200 2327
[17/Sep/2026 06:32:42] "GET /api/notifications/summary/ HTTP/1.1" 200 2327
[17/Sep/2026 06:33:13] "GET /api/notifications/summary/ HTTP/1.1" 200 2327
[17/Sep/2026 06:33:44] "GET /api/notifications/summary/ HTTP/1.1" 200 2327
[17/Sep/2026 06:34:14] "GET /api/notifications/summary/ HTTP/1.1" 200 2327
[17/Sep/2026 06:34:45] "GET /api/notifications/summary/ HTTP/1.1" 200 2327
[17/Sep/2026 06:35:16] "GET /api/notifications/summary/ HTTP/1.1" 200 2327
Unauthorized: /api/notifications/summary/
[17/Sep/2026 06:35:46] "GET /api/notifications/summary/ HTTP/1.1" 401 172
[17/Sep/2026 06:35:47] "POST /api/auth/refresh/ HTTP/1.1" 200 625
[17/Sep/2026 06:35:47] "OPTIONS /api/auth/me/ HTTP/1.1" 200 0
[17/Sep/2026 06:35:47] "OPTIONS /api/leads/?page_size=500&ordering=-created_at HTTP/1.1" 200 0
[17/Sep/2026 06:35:48] "GET /api/auth/me/ HTTP/1.1" 200 298
[17/Sep/2026 06:35:48] "GET /api/notifications/summary/ HTTP/1.1" 200 2327
[17/Sep/2026 06:36:02] "GET /api/leads/?page_size=500&ordering=-created_at HTTP/1.1" 200 77097
[17/Sep/2026 06:36:18] "GET /api/notifications/summary/ HTTP/1.1" 200 2327
[17/Sep/2026 06:36:49] "GET /api/notifications/summary/ HTTP/1.1" 200 2327
[17/Sep/2026 06:37:20] "GET /api/notifications/summary/ HTTP/1.1" 200 2327
[17/Sep/2026 06:37:50] "GET /api/notifications/summary/ HTTP/1.1" 200 2327
[17/Sep/2026 06:38:21] "GET /api/notifications/summary/ HTTP/1.1" 200 2327
[17/Sep/2026 06:38:52] "GET /api/notifications/summary/ HTTP/1.1" 200 2327
[17/Sep/2026 06:39:22] "GET /api/notifications/summary/ HTTP/1.1" 200 2327
[17/Sep/2026 06:39:53] "GET /api/notifications/summary/ HTTP/1.1" 200 2327
[17/Sep/2026 06:40:24] "GET /api/notifications/summary/ HTTP/1.1" 200 2327
[17/Sep/2026 06:40:54] "GET /api/notifications/summary/ HTTP/1.1" 200 2327
[17/Sep/2026 06:41:25] "GET /api/notifications/summary/ HTTP/1.1" 200 2327
[17/Sep/2026 06:41:55] "GET /api/notifications/summary/ HTTP/1.1" 200 2327
[17/Sep/2026 06:42:26] "GET /api/notifications/summary/ HTTP/1.1" 200 2327
[17/Sep/2026 06:42:57] "GET /api/notifications/summary/ HTTP/1.1" 200 2327
[17/Sep/2026 06:43:27] "GET /api/notifications/summary/ HTTP/1.1" 200 2327
[17/Sep/2026 06:43:58] "GET /api/notifications/summary/ HTTP/1.1" 200 2327
[17/Sep/2026 06:44:28] "GET /api/notifications/summary/ HTTP/1.1" 200 2327
[17/Sep/2026 06:44:59] "GET /api/notifications/summary/ HTTP/1.1" 200 2327
[17/Sep/2026 06:45:30] "GET /api/notifications/summary/ HTTP/1.1" 200 2327
[17/Sep/2026 06:46:00] "GET /api/notifications/summary/ HTTP/1.1" 200 2327
[17/Sep/2026 06:46:31] "GET /api/notifications/summary/ HTTP/1.1" 200 2327
[17/Sep/2026 06:47:02] "GET /api/notifications/summary/ HTTP/1.1" 200 2327
[17/Sep/2026 06:47:32] "GET /api/notifications/summary/ HTTP/1.1" 200 2327
[17/Sep/2026 06:48:03] "GET /api/notifications/summary/ HTTP/1.1" 200 2327
[17/Sep/2026 06:48:34] "GET /api/notifications/summary/ HTTP/1.1" 200 2327
[17/Sep/2026 06:49:04] "GET /api/notifications/summary/ HTTP/1.1" 200 2327
[17/Sep/2026 06:49:35] "GET /api/notifications/summary/ HTTP/1.1" 200 2327
[17/Sep/2026 06:50:06] "GET /api/notifications/summary/ HTTP/1.1" 200 2327
[17/Sep/2026 06:50:36] "GET /api/notifications/summary/ HTTP/1.1" 200 2327
Unauthorized: /api/notifications/summary/
[17/Sep/2026 06:51:06] "GET /api/notifications/summary/ HTTP/1.1" 401 172
[17/Sep/2026 06:51:06] "OPTIONS /api/auth/refresh/ HTTP/1.1" 200 0
[17/Sep/2026 06:51:08] "POST /api/auth/refresh/ HTTP/1.1" 200 625
[17/Sep/2026 06:51:09] "GET /api/auth/me/ HTTP/1.1" 200 298
[17/Sep/2026 06:51:09] "GET /api/notifications/summary/ HTTP/1.1" 200 2327
[17/Sep/2026 06:51:20] "GET /api/leads/?page_size=500&ordering=-created_at HTTP/1.1" 200 77097
[17/Sep/2026 06:51:40] "GET /api/notifications/summary/ HTTP/1.1" 200 2327
[17/Sep/2026 06:52:10] "GET /api/notifications/summary/ HTTP/1.1" 200 2327
[17/Sep/2026 06:52:41] "GET /api/notifications/summary/ HTTP/1.1" 200 2327
[17/Sep/2026 06:53:12] "GET /api/notifications/summary/ HTTP/1.1" 200 2327
[17/Sep/2026 06:53:42] "GET /api/notifications/summary/ HTTP/1.1" 200 2327
[17/Sep/2026 06:54:13] "GET /api/notifications/summary/ HTTP/1.1" 200 2327
[17/Sep/2026 06:54:43] "GET /api/notifications/summary/ HTTP/1.1" 200 2327
[17/Sep/2026 06:55:14] "GET /api/notifications/summary/ HTTP/1.1" 200 2327
[17/Sep/2026 06:55:45] "GET /api/notifications/summary/ HTTP/1.1" 200 2327
[17/Sep/2026 06:56:15] "GET /api/notifications/summary/ HTTP/1.1" 200 2327
[17/Sep/2026 06:56:46] "GET /api/notifications/summary/ HTTP/1.1" 200 2327
[17/Sep/2026 06:57:17] "GET /api/notifications/summary/ HTTP/1.1" 200 2327
[17/Sep/2026 06:57:47] "GET /api/notifications/summary/ HTTP/1.1" 200 2327
[17/Sep/2026 06:58:18] "GET /api/notifications/summary/ HTTP/1.1" 200 2327
[17/Sep/2026 06:58:49] "GET /api/notifications/summary/ HTTP/1.1" 200 2327
[17/Sep/2026 06:59:20] "GET /api/notifications/summary/ HTTP/1.1" 200 2327
[17/Sep/2026 06:59:50] "GET /api/notifications/summary/ HTTP/1.1" 200 2327
[17/Sep/2026 07:00:21] "GET /api/notifications/summary/ HTTP/1.1" 200 2327
[17/Sep/2026 07:00:52] "GET /api/notifications/summary/ HTTP/1.1" 200 2327
[17/Sep/2026 07:01:22] "GET /api/notifications/summary/ HTTP/1.1" 200 2327
[17/Sep/2026 07:01:53] "GET /api/notifications/summary/ HTTP/1.1" 200 2327
[17/Sep/2026 07:02:24] "GET /api/notifications/summary/ HTTP/1.1" 200 2327
[17/Sep/2026 07:02:54] "GET /api/notifications/summary/ HTTP/1.1" 200 2327
[17/Sep/2026 07:03:25] "GET /api/notifications/summary/ HTTP/1.1" 200 2327
[17/Sep/2026 07:03:56] "GET /api/notifications/summary/ HTTP/1.1" 200 2327
[17/Sep/2026 07:04:26] "GET /api/notifications/summary/ HTTP/1.1" 200 2327
[17/Sep/2026 07:04:57] "GET /api/notifications/summary/ HTTP/1.1" 200 2327
[17/Sep/2026 07:05:28] "GET /api/notifications/summary/ HTTP/1.1" 200 2327
[17/Sep/2026 07:05:58] "GET /api/notifications/summary/ HTTP/1.1" 200 2327
Unauthorized: /api/notifications/summary/
[17/Sep/2026 07:06:28] "GET /api/notifications/summary/ HTTP/1.1" 401 172
[17/Sep/2026 07:06:30] "POST /api/auth/refresh/ HTTP/1.1" 200 625
[17/Sep/2026 07:06:31] "GET /api/notifications/summary/ HTTP/1.1" 200 2327
[17/Sep/2026 07:06:32] "GET /api/auth/me/ HTTP/1.1" 200 298
[17/Sep/2026 07:06:42] "GET /api/leads/?page_size=500&ordering=-created_at HTTP/1.1" 200 77097
[17/Sep/2026 07:07:01] "GET /api/notifications/summary/ HTTP/1.1" 200 2327
[17/Sep/2026 07:07:32] "GET /api/notifications/summary/ HTTP/1.1" 200 2327
[17/Sep/2026 07:08:03] "GET /api/notifications/summary/ HTTP/1.1" 200 2327
[17/Sep/2026 07:08:33] "GET /api/notifications/summary/ HTTP/1.1" 200 2327
[17/Sep/2026 07:09:04] "GET /api/notifications/summary/ HTTP/1.1" 200 2327
[17/Sep/2026 07:09:35] "GET /api/notifications/summary/ HTTP/1.1" 200 2327
[17/Sep/2026 07:10:05] "GET /api/notifications/summary/ HTTP/1.1" 200 2327
[17/Sep/2026 07:10:36] "GET /api/notifications/summary/ HTTP/1.1" 200 2327
[17/Sep/2026 07:11:07] "GET /api/notifications/summary/ HTTP/1.1" 200 2327
[17/Sep/2026 07:11:37] "GET /api/notifications/summary/ HTTP/1.1" 200 2327
[17/Sep/2026 07:12:08] "GET /api/notifications/summary/ HTTP/1.1" 200 2327
[17/Sep/2026 07:12:39] "GET /api/notifications/summary/ HTTP/1.1" 200 2327
[17/Sep/2026 07:13:09] "GET /api/notifications/summary/ HTTP/1.1" 200 2327
[17/Sep/2026 07:13:40] "GET /api/notifications/summary/ HTTP/1.1" 200 2327
[17/Sep/2026 07:14:11] "GET /api/notifications/summary/ HTTP/1.1" 200 2327
[17/Sep/2026 07:14:41] "GET /api/notifications/summary/ HTTP/1.1" 200 2327
[17/Sep/2026 07:15:12] "GET /api/notifications/summary/ HTTP/1.1" 200 2327
[17/Sep/2026 07:15:43] "GET /api/notifications/summary/ HTTP/1.1" 200 2327
[17/Sep/2026 07:16:13] "GET /api/notifications/summary/ HTTP/1.1" 200 2327
[17/Sep/2026 07:16:44] "GET /api/notifications/summary/ HTTP/1.1" 200 2327
[17/Sep/2026 07:17:15] "GET /api/notifications/summary/ HTTP/1.1" 200 2327
[17/Sep/2026 07:17:45] "GET /api/notifications/summary/ HTTP/1.1" 200 2327
[17/Sep/2026 07:18:16] "GET /api/notifications/summary/ HTTP/1.1" 200 2327
[17/Sep/2026 07:18:47] "GET /api/notifications/summary/ HTTP/1.1" 200 2327
[17/Sep/2026 07:19:17] "GET /api/notifications/summary/ HTTP/1.1" 200 2327
[17/Sep/2026 07:19:48] "GET /api/notifications/summary/ HTTP/1.1" 200 2327
[17/Sep/2026 07:20:19] "GET /api/notifications/summary/ HTTP/1.1" 200 2327
[17/Sep/2026 07:20:49] "GET /api/notifications/summary/ HTTP/1.1" 200 2327
[17/Sep/2026 07:21:20] "GET /api/notifications/summary/ HTTP/1.1" 200 2327
Unauthorized: /api/notifications/summary/
[17/Sep/2026 07:21:50] "GET /api/notifications/summary/ HTTP/1.1" 401 172
[17/Sep/2026 07:21:52] "POST /api/auth/refresh/ HTTP/1.1" 200 625
[17/Sep/2026 07:21:52] "GET /api/auth/me/ HTTP/1.1" 200 298
[17/Sep/2026 07:21:52] "GET /api/notifications/summary/ HTTP/1.1" 200 2327
[17/Sep/2026 07:22:07] "GET /api/leads/?page_size=500&ordering=-created_at HTTP/1.1" 200 77097
[17/Sep/2026 07:22:23] "GET /api/notifications/summary/ HTTP/1.1" 200 2327
[17/Sep/2026 07:22:54] "GET /api/notifications/summary/ HTTP/1.1" 200 2327
[17/Sep/2026 07:23:24] "GET /api/notifications/summary/ HTTP/1.1" 200 2327
[17/Sep/2026 07:23:55] "GET /api/notifications/summary/ HTTP/1.1" 200 2327
[17/Sep/2026 07:24:26] "GET /api/notifications/summary/ HTTP/1.1" 200 2327
[17/Sep/2026 07:24:56] "GET /api/notifications/summary/ HTTP/1.1" 200 2327
[17/Sep/2026 07:25:27] "GET /api/notifications/summary/ HTTP/1.1" 200 2327
[17/Sep/2026 07:25:57] "GET /api/notifications/summary/ HTTP/1.1" 200 2327
[17/Sep/2026 07:26:28] "GET /api/notifications/summary/ HTTP/1.1" 200 2327
[17/Sep/2026 07:26:59] "GET /api/notifications/summary/ HTTP/1.1" 200 2327
[17/Sep/2026 07:27:30] "GET /api/notifications/summary/ HTTP/1.1" 200 2327
[17/Sep/2026 07:28:00] "GET /api/notifications/summary/ HTTP/1.1" 200 2327
[17/Sep/2026 07:28:31] "GET /api/notifications/summary/ HTTP/1.1" 200 2327
[17/Sep/2026 07:29:02] "GET /api/notifications/summary/ HTTP/1.1" 200 2327
[17/Sep/2026 07:29:32] "GET /api/notifications/summary/ HTTP/1.1" 200 2327
[17/Sep/2026 07:30:03] "GET /api/notifications/summary/ HTTP/1.1" 200 2327
[17/Sep/2026 07:30:34] "GET /api/notifications/summary/ HTTP/1.1" 200 2327
[17/Sep/2026 07:31:04] "GET /api/notifications/summary/ HTTP/1.1" 200 2327
[17/Sep/2026 07:31:35] "GET /api/notifications/summary/ HTTP/1.1" 200 2327
[17/Sep/2026 07:32:06] "GET /api/notifications/summary/ HTTP/1.1" 200 2327
[17/Sep/2026 07:32:36] "GET /api/notifications/summary/ HTTP/1.1" 200 2327
[17/Sep/2026 07:33:07] "GET /api/notifications/summary/ HTTP/1.1" 200 2327
[17/Sep/2026 07:33:38] "GET /api/notifications/summary/ HTTP/1.1" 200 2327
[17/Sep/2026 07:34:08] "GET /api/notifications/summary/ HTTP/1.1" 200 2327
[17/Sep/2026 07:34:39] "GET /api/notifications/summary/ HTTP/1.1" 200 2327
[17/Sep/2026 07:35:10] "GET /api/notifications/summary/ HTTP/1.1" 200 2327
[17/Sep/2026 07:35:41] "GET /api/notifications/summary/ HTTP/1.1" 200 2327
[17/Sep/2026 07:36:11] "GET /api/notifications/summary/ HTTP/1.1" 200 2327
[17/Sep/2026 07:36:42] "GET /api/notifications/summary/ HTTP/1.1" 200 2327
Unauthorized: /api/notifications/summary/
[17/Sep/2026 07:37:12] "GET /api/notifications/summary/ HTTP/1.1" 401 172
[17/Sep/2026 07:37:13] "POST /api/auth/refresh/ HTTP/1.1" 200 625
[17/Sep/2026 07:37:14] "GET /api/auth/me/ HTTP/1.1" 200 298
[17/Sep/2026 07:37:14] "GET /api/notifications/summary/ HTTP/1.1" 200 2327
[17/Sep/2026 07:37:28] "GET /api/leads/?page_size=500&ordering=-created_at HTTP/1.1" 200 77097
[17/Sep/2026 07:37:45] "GET /api/notifications/summary/ HTTP/1.1" 200 2327
[17/Sep/2026 07:38:16] "GET /api/notifications/summary/ HTTP/1.1" 200 2327
[17/Sep/2026 07:38:46] "GET /api/notifications/summary/ HTTP/1.1" 200 2327
[17/Sep/2026 07:39:17] "GET /api/notifications/summary/ HTTP/1.1" 200 2327
[17/Sep/2026 07:39:48] "GET /api/notifications/summary/ HTTP/1.1" 200 2327
[17/Sep/2026 07:40:18] "GET /api/notifications/summary/ HTTP/1.1" 200 2327
[17/Sep/2026 07:40:49] "GET /api/notifications/summary/ HTTP/1.1" 200 2327
[17/Sep/2026 07:41:20] "GET /api/notifications/summary/ HTTP/1.1" 200 2327
[17/Sep/2026 07:41:50] "GET /api/notifications/summary/ HTTP/1.1" 200 2327
[17/Sep/2026 07:42:21] "GET /api/notifications/summary/ HTTP/1.1" 200 2327
[17/Sep/2026 07:42:52] "GET /api/notifications/summary/ HTTP/1.1" 200 2327
[17/Sep/2026 07:43:22] "GET /api/notifications/summary/ HTTP/1.1" 200 2327
[17/Sep/2026 07:43:53] "GET /api/notifications/summary/ HTTP/1.1" 200 2327
[17/Sep/2026 07:44:24] "GET /api/notifications/summary/ HTTP/1.1" 200 2327
[17/Sep/2026 07:44:54] "GET /api/notifications/summary/ HTTP/1.1" 200 2327
[17/Sep/2026 07:45:25] "GET /api/notifications/summary/ HTTP/1.1" 200 2327
[17/Sep/2026 07:45:56] "GET /api/notifications/summary/ HTTP/1.1" 200 2327
[17/Sep/2026 07:46:27] "GET /api/notifications/summary/ HTTP/1.1" 200 2327
[17/Sep/2026 07:46:57] "GET /api/notifications/summary/ HTTP/1.1" 200 2327
[17/Sep/2026 07:47:28] "GET /api/notifications/summary/ HTTP/1.1" 200 2327
[17/Sep/2026 07:47:59] "GET /api/notifications/summary/ HTTP/1.1" 200 2327
[17/Sep/2026 07:48:29] "GET /api/notifications/summary/ HTTP/1.1" 200 2327
[17/Sep/2026 07:49:00] "GET /api/notifications/summary/ HTTP/1.1" 200 2327
[17/Sep/2026 07:49:31] "GET /api/notifications/summary/ HTTP/1.1" 200 2327
[17/Sep/2026 07:50:01] "GET /api/notifications/summary/ HTTP/1.1" 200 2327
[17/Sep/2026 07:50:32] "GET /api/notifications/summary/ HTTP/1.1" 200 2327
[17/Sep/2026 07:51:03] "GET /api/notifications/summary/ HTTP/1.1" 200 2327
[17/Sep/2026 07:51:33] "GET /api/notifications/summary/ HTTP/1.1" 200 2327
[17/Sep/2026 07:52:04] "GET /api/notifications/summary/ HTTP/1.1" 200 2327
Unauthorized: /api/notifications/summary/
[17/Sep/2026 07:52:34] "GET /api/notifications/summary/ HTTP/1.1" 401 172
[17/Sep/2026 07:52:35] "POST /api/auth/refresh/ HTTP/1.1" 200 625
[17/Sep/2026 07:52:36] "GET /api/auth/me/ HTTP/1.1" 200 298
[17/Sep/2026 07:52:36] "GET /api/notifications/summary/ HTTP/1.1" 200 2327
[17/Sep/2026 07:52:49] "GET /api/leads/?page_size=500&ordering=-created_at HTTP/1.1" 200 77097
[17/Sep/2026 07:53:07] "GET /api/notifications/summary/ HTTP/1.1" 200 2327
[17/Sep/2026 07:53:38] "GET /api/notifications/summary/ HTTP/1.1" 200 2327
[17/Sep/2026 07:54:08] "GET /api/notifications/summary/ HTTP/1.1" 200 2327
[17/Sep/2026 07:54:39] "GET /api/notifications/summary/ HTTP/1.1" 200 2327
[17/Sep/2026 07:55:09] "GET /api/notifications/summary/ HTTP/1.1" 200 2327
[17/Sep/2026 07:55:40] "GET /api/notifications/summary/ HTTP/1.1" 200 2327
[17/Sep/2026 07:56:11] "GET /api/notifications/summary/ HTTP/1.1" 200 2327
[17/Sep/2026 07:56:42] "GET /api/notifications/summary/ HTTP/1.1" 200 2327
[17/Sep/2026 07:57:12] "GET /api/notifications/summary/ HTTP/1.1" 200 2327
[17/Sep/2026 07:57:43] "GET /api/notifications/summary/ HTTP/1.1" 200 2327
[17/Sep/2026 07:58:14] "GET /api/notifications/summary/ HTTP/1.1" 200 2327
[17/Sep/2026 07:58:44] "GET /api/notifications/summary/ HTTP/1.1" 200 2327
[17/Sep/2026 07:59:15] "GET /api/notifications/summary/ HTTP/1.1" 200 2327
[17/Sep/2026 07:59:46] "GET /api/notifications/summary/ HTTP/1.1" 200 2327
[17/Sep/2026 08:00:16] "GET /api/notifications/summary/ HTTP/1.1" 200 2327
[17/Sep/2026 08:00:47] "GET /api/notifications/summary/ HTTP/1.1" 200 2327
[17/Sep/2026 08:01:18] "GET /api/notifications/summary/ HTTP/1.1" 200 2327
[17/Sep/2026 08:01:48] "GET /api/notifications/summary/ HTTP/1.1" 200 2327
[17/Sep/2026 08:02:19] "GET /api/notifications/summary/ HTTP/1.1" 200 2327
[17/Sep/2026 08:02:50] "GET /api/notifications/summary/ HTTP/1.1" 200 2327
[17/Sep/2026 08:03:20] "GET /api/notifications/summary/ HTTP/1.1" 200 2327
[17/Sep/2026 08:03:51] "GET /api/notifications/summary/ HTTP/1.1" 200 2327
[17/Sep/2026 08:04:22] "GET /api/notifications/summary/ HTTP/1.1" 200 2327
[17/Sep/2026 08:04:52] "GET /api/notifications/summary/ HTTP/1.1" 200 2327
[17/Sep/2026 08:05:23] "GET /api/notifications/summary/ HTTP/1.1" 200 2327
[17/Sep/2026 08:05:54] "GET /api/notifications/summary/ HTTP/1.1" 200 2327
[17/Sep/2026 08:06:24] "GET /api/notifications/summary/ HTTP/1.1" 200 2327
[17/Sep/2026 08:06:55] "GET /api/notifications/summary/ HTTP/1.1" 200 2327
[17/Sep/2026 08:07:26] "GET /api/notifications/summary/ HTTP/1.1" 200 2327
Unauthorized: /api/notifications/summary/
[17/Sep/2026 08:07:56] "GET /api/notifications/summary/ HTTP/1.1" 401 172
[17/Sep/2026 08:07:57] "POST /api/auth/refresh/ HTTP/1.1" 200 625
[17/Sep/2026 08:07:58] "GET /api/auth/me/ HTTP/1.1" 200 298
[17/Sep/2026 08:07:58] "GET /api/notifications/summary/ HTTP/1.1" 200 2327
[17/Sep/2026 08:08:10] "GET /api/leads/?page_size=500&ordering=-created_at HTTP/1.1" 200 77097
[17/Sep/2026 08:08:29] "GET /api/notifications/summary/ HTTP/1.1" 200 2327
[17/Sep/2026 08:09:00] "GET /api/notifications/summary/ HTTP/1.1" 200 2327
[17/Sep/2026 08:09:30] "GET /api/notifications/summary/ HTTP/1.1" 200 2327
[17/Sep/2026 08:10:01] "GET /api/notifications/summary/ HTTP/1.1" 200 2327
[17/Sep/2026 08:10:32] "GET /api/notifications/summary/ HTTP/1.1" 200 2327
[17/Sep/2026 08:11:02] "GET /api/notifications/summary/ HTTP/1.1" 200 2327
[17/Sep/2026 08:11:33] "GET /api/notifications/summary/ HTTP/1.1" 200 2327
[17/Sep/2026 08:12:04] "GET /api/notifications/summary/ HTTP/1.1" 200 2327
[17/Sep/2026 08:12:34] "GET /api/notifications/summary/ HTTP/1.1" 200 2327
[17/Sep/2026 08:13:05] "GET /api/notifications/summary/ HTTP/1.1" 200 2327
[17/Sep/2026 08:13:36] "GET /api/notifications/summary/ HTTP/1.1" 200 2327
[17/Sep/2026 08:14:06] "GET /api/notifications/summary/ HTTP/1.1" 200 2327
[17/Sep/2026 08:14:37] "GET /api/notifications/summary/ HTTP/1.1" 200 2327
[17/Sep/2026 08:15:08] "GET /api/notifications/summary/ HTTP/1.1" 200 2327
[17/Sep/2026 08:15:38] "GET /api/notifications/summary/ HTTP/1.1" 200 2327
[17/Sep/2026 08:16:09] "GET /api/notifications/summary/ HTTP/1.1" 200 2327
[17/Sep/2026 08:16:39] "GET /api/notifications/summary/ HTTP/1.1" 200 2327
[17/Sep/2026 08:17:10] "GET /api/notifications/summary/ HTTP/1.1" 200 2327
[17/Sep/2026 08:17:41] "GET /api/notifications/summary/ HTTP/1.1" 200 2327
[17/Sep/2026 08:18:11] "GET /api/notifications/summary/ HTTP/1.1" 200 2327
[17/Sep/2026 08:18:42] "GET /api/notifications/summary/ HTTP/1.1" 200 2327
[17/Sep/2026 08:19:13] "GET /api/notifications/summary/ HTTP/1.1" 200 2327
[17/Sep/2026 08:19:43] "GET /api/notifications/summary/ HTTP/1.1" 200 2327
[17/Sep/2026 08:20:14] "GET /api/notifications/summary/ HTTP/1.1" 200 2327
[17/Sep/2026 08:20:45] "GET /api/notifications/summary/ HTTP/1.1" 200 2327
[17/Sep/2026 08:21:16] "GET /api/notifications/summary/ HTTP/1.1" 200 2327
[17/Sep/2026 08:21:46] "GET /api/notifications/summary/ HTTP/1.1" 200 2327
[17/Sep/2026 08:22:17] "GET /api/notifications/summary/ HTTP/1.1" 200 2327
[17/Sep/2026 08:22:48] "GET /api/notifications/summary/ HTTP/1.1" 200 2327
Unauthorized: /api/notifications/summary/
[17/Sep/2026 08:23:18] "GET /api/notifications/summary/ HTTP/1.1" 401 172
[17/Sep/2026 08:23:19] "POST /api/auth/refresh/ HTTP/1.1" 200 625
[17/Sep/2026 08:23:20] "GET /api/auth/me/ HTTP/1.1" 200 298
[17/Sep/2026 08:23:20] "GET /api/notifications/summary/ HTTP/1.1" 200 2327
[17/Sep/2026 08:23:38] "GET /api/leads/?page_size=500&ordering=-created_at HTTP/1.1" 200 77097
[17/Sep/2026 08:23:50] "GET /api/notifications/summary/ HTTP/1.1" 200 2327
[17/Sep/2026 08:24:21] "GET /api/notifications/summary/ HTTP/1.1" 200 2327
[17/Sep/2026 08:24:52] "GET /api/notifications/summary/ HTTP/1.1" 200 2327
[17/Sep/2026 08:25:23] "GET /api/notifications/summary/ HTTP/1.1" 200 2327
[17/Sep/2026 08:25:53] "GET /api/notifications/summary/ HTTP/1.1" 200 2327
[17/Sep/2026 08:26:24] "GET /api/notifications/summary/ HTTP/1.1" 200 2327
[17/Sep/2026 08:26:55] "GET /api/notifications/summary/ HTTP/1.1" 200 2327
[17/Sep/2026 08:27:25] "GET /api/notifications/summary/ HTTP/1.1" 200 2327
[17/Sep/2026 08:27:56] "GET /api/notifications/summary/ HTTP/1.1" 200 2327
[17/Sep/2026 08:28:27] "GET /api/notifications/summary/ HTTP/1.1" 200 2327
[17/Sep/2026 08:28:57] "GET /api/notifications/summary/ HTTP/1.1" 200 2327
[17/Sep/2026 08:29:28] "GET /api/notifications/summary/ HTTP/1.1" 200 2327
[17/Sep/2026 08:29:59] "GET /api/notifications/summary/ HTTP/1.1" 200 2327
[17/Sep/2026 08:30:29] "GET /api/notifications/summary/ HTTP/1.1" 200 2327
[17/Sep/2026 08:30:59] "OPTIONS /api/notifications/summary/ HTTP/1.1" 200 0
[17/Sep/2026 08:31:00] "GET /api/notifications/summary/ HTTP/1.1" 200 2327
[17/Sep/2026 08:31:31] "GET /api/notifications/summary/ HTTP/1.1" 200 2327
[17/Sep/2026 08:32:01] "GET /api/notifications/summary/ HTTP/1.1" 200 2327
[17/Sep/2026 08:32:32] "GET /api/notifications/summary/ HTTP/1.1" 200 2327
[17/Sep/2026 08:33:03] "GET /api/notifications/summary/ HTTP/1.1" 200 2327
[17/Sep/2026 08:33:34] "GET /api/notifications/summary/ HTTP/1.1" 200 2327
[17/Sep/2026 08:34:04] "GET /api/notifications/summary/ HTTP/1.1" 200 2327
[17/Sep/2026 08:34:35] "GET /api/notifications/summary/ HTTP/1.1" 200 2327
[17/Sep/2026 08:35:05] "GET /api/notifications/summary/ HTTP/1.1" 200 2327
[17/Sep/2026 08:35:36] "GET /api/notifications/summary/ HTTP/1.1" 200 2327
[17/Sep/2026 08:36:07] "GET /api/notifications/summary/ HTTP/1.1" 200 2327
[17/Sep/2026 08:36:37] "GET /api/notifications/summary/ HTTP/1.1" 200 2327
[17/Sep/2026 08:37:08] "GET /api/notifications/summary/ HTTP/1.1" 200 2327
[17/Sep/2026 08:37:39] "GET /api/notifications/summary/ HTTP/1.1" 200 2327
[17/Sep/2026 08:38:09] "GET /api/notifications/summary/ HTTP/1.1" 200 2327
Unauthorized: /api/notifications/summary/
[17/Sep/2026 08:38:40] "GET /api/notifications/summary/ HTTP/1.1" 401 172
[17/Sep/2026 08:38:41] "POST /api/auth/refresh/ HTTP/1.1" 200 625
[17/Sep/2026 08:38:41] "OPTIONS /api/auth/me/ HTTP/1.1" 200 0
[17/Sep/2026 08:38:41] "OPTIONS /api/leads/?page_size=500&ordering=-created_at HTTP/1.1" 200 0
[17/Sep/2026 08:38:42] "GET /api/auth/me/ HTTP/1.1" 200 298
[17/Sep/2026 08:38:42] "GET /api/notifications/summary/ HTTP/1.1" 200 2327
[17/Sep/2026 08:38:54] "GET /api/leads/?page_size=500&ordering=-created_at HTTP/1.1" 200 77097
[17/Sep/2026 08:39:12] "GET /api/notifications/summary/ HTTP/1.1" 200 2327
[17/Sep/2026 08:39:43] "GET /api/notifications/summary/ HTTP/1.1" 200 2327
[17/Sep/2026 08:40:14] "GET /api/notifications/summary/ HTTP/1.1" 200 2327
[17/Sep/2026 08:40:44] "GET /api/notifications/summary/ HTTP/1.1" 200 2327
[17/Sep/2026 08:41:15] "GET /api/notifications/summary/ HTTP/1.1" 200 2327
[17/Sep/2026 08:41:46] "GET /api/notifications/summary/ HTTP/1.1" 200 2327
[17/Sep/2026 08:42:16] "GET /api/notifications/summary/ HTTP/1.1" 200 2327
[17/Sep/2026 08:42:47] "GET /api/notifications/summary/ HTTP/1.1" 200 2327
[17/Sep/2026 08:43:18] "GET /api/notifications/summary/ HTTP/1.1" 200 2327
[17/Sep/2026 08:43:48] "GET /api/notifications/summary/ HTTP/1.1" 200 2327
[17/Sep/2026 08:44:19] "GET /api/notifications/summary/ HTTP/1.1" 200 2327
[17/Sep/2026 08:44:50] "GET /api/notifications/summary/ HTTP/1.1" 200 2327
[17/Sep/2026 08:45:21] "GET /api/notifications/summary/ HTTP/1.1" 200 2327
[17/Sep/2026 08:45:51] "GET /api/notifications/summary/ HTTP/1.1" 200 2327
[17/Sep/2026 08:46:22] "GET /api/notifications/summary/ HTTP/1.1" 200 2327
[17/Sep/2026 08:46:53] "GET /api/notifications/summary/ HTTP/1.1" 200 2327
[17/Sep/2026 08:47:23] "GET /api/notifications/summary/ HTTP/1.1" 200 2327
[17/Sep/2026 08:47:54] "GET /api/notifications/summary/ HTTP/1.1" 200 2327
[17/Sep/2026 08:48:25] "GET /api/notifications/summary/ HTTP/1.1" 200 2327
[17/Sep/2026 08:48:55] "GET /api/notifications/summary/ HTTP/1.1" 200 2327
[17/Sep/2026 08:49:26] "GET /api/notifications/summary/ HTTP/1.1" 200 2327
[17/Sep/2026 08:49:57] "GET /api/notifications/summary/ HTTP/1.1" 200 2327
[17/Sep/2026 08:50:28] "GET /api/notifications/summary/ HTTP/1.1" 200 2327
[17/Sep/2026 08:50:58] "GET /api/notifications/summary/ HTTP/1.1" 200 2327
[17/Sep/2026 08:51:29] "GET /api/notifications/summary/ HTTP/1.1" 200 2327
[17/Sep/2026 08:52:00] "GET /api/notifications/summary/ HTTP/1.1" 200 2327
[17/Sep/2026 08:52:30] "GET /api/notifications/summary/ HTTP/1.1" 200 2327
[17/Sep/2026 08:53:01] "GET /api/notifications/summary/ HTTP/1.1" 200 2327
[17/Sep/2026 08:53:32] "GET /api/notifications/summary/ HTTP/1.1" 200 2327
Unauthorized: /api/notifications/summary/
[17/Sep/2026 08:54:02] "GET /api/notifications/summary/ HTTP/1.1" 401 172
[17/Sep/2026 08:54:02] "OPTIONS /api/auth/refresh/ HTTP/1.1" 200 0
[17/Sep/2026 08:54:03] "POST /api/auth/refresh/ HTTP/1.1" 200 625
[17/Sep/2026 08:54:04] "GET /api/auth/me/ HTTP/1.1" 200 298
[17/Sep/2026 08:54:04] "GET /api/notifications/summary/ HTTP/1.1" 200 2327
[17/Sep/2026 08:54:19] "GET /api/leads/?page_size=500&ordering=-created_at HTTP/1.1" 200 77097
[17/Sep/2026 08:54:35] "GET /api/notifications/summary/ HTTP/1.1" 200 2327
[17/Sep/2026 08:55:05] "GET /api/notifications/summary/ HTTP/1.1" 200 2327
[17/Sep/2026 08:55:36] "GET /api/notifications/summary/ HTTP/1.1" 200 2327
[17/Sep/2026 08:56:07] "GET /api/notifications/summary/ HTTP/1.1" 200 2327
[17/Sep/2026 08:56:38] "GET /api/notifications/summary/ HTTP/1.1" 200 2327
[17/Sep/2026 08:57:08] "GET /api/notifications/summary/ HTTP/1.1" 200 2327
[17/Sep/2026 08:57:39] "GET /api/notifications/summary/ HTTP/1.1" 200 2327
[17/Sep/2026 08:58:10] "GET /api/notifications/summary/ HTTP/1.1" 200 2327
[17/Sep/2026 08:58:40] "GET /api/notifications/summary/ HTTP/1.1" 200 2327
[17/Sep/2026 08:59:11] "GET /api/notifications/summary/ HTTP/1.1" 200 2327
[17/Sep/2026 08:59:42] "GET /api/notifications/summary/ HTTP/1.1" 200 2327
[17/Sep/2026 09:00:12] "GET /api/notifications/summary/ HTTP/1.1" 200 2327
[17/Sep/2026 09:00:43] "GET /api/notifications/summary/ HTTP/1.1" 200 2327
[17/Sep/2026 09:01:14] "GET /api/notifications/summary/ HTTP/1.1" 200 2327
[17/Sep/2026 09:01:45] "GET /api/notifications/summary/ HTTP/1.1" 200 2327
[17/Sep/2026 09:02:15] "GET /api/notifications/summary/ HTTP/1.1" 200 2327
[17/Sep/2026 09:02:46] "GET /api/notifications/summary/ HTTP/1.1" 200 2327
[17/Sep/2026 09:03:17] "GET /api/notifications/summary/ HTTP/1.1" 200 2327
[17/Sep/2026 09:03:48] "GET /api/notifications/summary/ HTTP/1.1" 200 2327
[17/Sep/2026 09:04:18] "GET /api/notifications/summary/ HTTP/1.1" 200 2327
[17/Sep/2026 09:04:49] "GET /api/notifications/summary/ HTTP/1.1" 200 2327
[17/Sep/2026 09:05:20] "GET /api/notifications/summary/ HTTP/1.1" 200 2327
[17/Sep/2026 09:05:50] "GET /api/notifications/summary/ HTTP/1.1" 200 2327
[17/Sep/2026 09:06:21] "GET /api/notifications/summary/ HTTP/1.1" 200 2327
[17/Sep/2026 09:06:52] "GET /api/notifications/summary/ HTTP/1.1" 200 2327
[17/Sep/2026 09:07:22] "GET /api/notifications/summary/ HTTP/1.1" 200 2327
[17/Sep/2026 09:07:53] "GET /api/notifications/summary/ HTTP/1.1" 200 2327
[17/Sep/2026 09:08:24] "GET /api/notifications/summary/ HTTP/1.1" 200 2327
[17/Sep/2026 09:08:54] "GET /api/notifications/summary/ HTTP/1.1" 200 2327
Unauthorized: /api/notifications/summary/
[17/Sep/2026 09:09:24] "GET /api/notifications/summary/ HTTP/1.1" 401 172
[17/Sep/2026 09:09:26] "POST /api/auth/refresh/ HTTP/1.1" 200 625
[17/Sep/2026 09:09:27] "GET /api/auth/me/ HTTP/1.1" 200 298
[17/Sep/2026 09:09:27] "GET /api/notifications/summary/ HTTP/1.1" 200 2327
[17/Sep/2026 09:09:39] "GET /api/leads/?page_size=500&ordering=-created_at HTTP/1.1" 200 77097
[17/Sep/2026 09:09:58] "GET /api/notifications/summary/ HTTP/1.1" 200 2327
[17/Sep/2026 09:10:28] "GET /api/notifications/summary/ HTTP/1.1" 200 2327
[17/Sep/2026 09:10:59] "GET /api/notifications/summary/ HTTP/1.1" 200 2327
[17/Sep/2026 09:11:30] "GET /api/notifications/summary/ HTTP/1.1" 200 2327
[17/Sep/2026 09:12:00] "GET /api/notifications/summary/ HTTP/1.1" 200 2327
[17/Sep/2026 09:12:31] "GET /api/notifications/summary/ HTTP/1.1" 200 2327
[17/Sep/2026 09:13:02] "GET /api/notifications/summary/ HTTP/1.1" 200 2327
[17/Sep/2026 09:13:32] "GET /api/notifications/summary/ HTTP/1.1" 200 2327
[17/Sep/2026 09:14:03] "GET /api/notifications/summary/ HTTP/1.1" 200 2327
[17/Sep/2026 09:14:34] "GET /api/notifications/summary/ HTTP/1.1" 200 2327
[17/Sep/2026 09:15:04] "GET /api/notifications/summary/ HTTP/1.1" 200 2327
[17/Sep/2026 09:15:35] "GET /api/notifications/summary/ HTTP/1.1" 200 2327
[17/Sep/2026 09:16:06] "GET /api/notifications/summary/ HTTP/1.1" 200 2327
[17/Sep/2026 09:16:36] "GET /api/notifications/summary/ HTTP/1.1" 200 2327
[17/Sep/2026 09:17:07] "GET /api/notifications/summary/ HTTP/1.1" 200 2327
[17/Sep/2026 09:17:38] "GET /api/notifications/summary/ HTTP/1.1" 200 2327
[17/Sep/2026 09:18:08] "GET /api/notifications/summary/ HTTP/1.1" 200 2327
[17/Sep/2026 09:18:39] "GET /api/notifications/summary/ HTTP/1.1" 200 2327
[17/Sep/2026 09:19:10] "GET /api/notifications/summary/ HTTP/1.1" 200 2327
[17/Sep/2026 09:19:41] "GET /api/notifications/summary/ HTTP/1.1" 200 2327
[17/Sep/2026 09:20:11] "GET /api/notifications/summary/ HTTP/1.1" 200 2327
[17/Sep/2026 09:20:42] "GET /api/notifications/summary/ HTTP/1.1" 200 2327
[17/Sep/2026 09:21:13] "GET /api/notifications/summary/ HTTP/1.1" 200 2327
[17/Sep/2026 09:21:43] "GET /api/notifications/summary/ HTTP/1.1" 200 2327
[17/Sep/2026 09:22:14] "GET /api/notifications/summary/ HTTP/1.1" 200 2327
[17/Sep/2026 09:22:45] "GET /api/notifications/summary/ HTTP/1.1" 200 2327
[17/Sep/2026 09:23:15] "GET /api/notifications/summary/ HTTP/1.1" 200 2327
[17/Sep/2026 09:23:46] "GET /api/notifications/summary/ HTTP/1.1" 200 2327
[17/Sep/2026 09:24:17] "GET /api/notifications/summary/ HTTP/1.1" 200 2327
Unauthorized: /api/notifications/summary/
[17/Sep/2026 09:24:47] "GET /api/notifications/summary/ HTTP/1.1" 401 172
[17/Sep/2026 09:24:48] "POST /api/auth/refresh/ HTTP/1.1" 200 625
[17/Sep/2026 09:24:49] "GET /api/auth/me/ HTTP/1.1" 200 298
[17/Sep/2026 09:24:49] "GET /api/notifications/summary/ HTTP/1.1" 200 2327
[17/Sep/2026 09:25:04] "GET /api/leads/?page_size=500&ordering=-created_at HTTP/1.1" 200 77097
[17/Sep/2026 09:25:20] "GET /api/notifications/summary/ HTTP/1.1" 200 2327
[17/Sep/2026 09:25:50] "GET /api/notifications/summary/ HTTP/1.1" 200 2327
[17/Sep/2026 09:26:21] "GET /api/notifications/summary/ HTTP/1.1" 200 2327
[17/Sep/2026 09:26:52] "GET /api/notifications/summary/ HTTP/1.1" 200 2244
[17/Sep/2026 09:27:22] "GET /api/notifications/summary/ HTTP/1.1" 200 2244
[17/Sep/2026 09:27:53] "GET /api/notifications/summary/ HTTP/1.1" 200 2244
[17/Sep/2026 09:28:24] "GET /api/notifications/summary/ HTTP/1.1" 200 2244
[17/Sep/2026 09:28:54] "GET /api/notifications/summary/ HTTP/1.1" 200 2244
[17/Sep/2026 09:29:25] "GET /api/notifications/summary/ HTTP/1.1" 200 2244
[17/Sep/2026 09:29:56] "GET /api/notifications/summary/ HTTP/1.1" 200 2244
[17/Sep/2026 09:30:26] "GET /api/notifications/summary/ HTTP/1.1" 200 2244
[17/Sep/2026 09:30:57] "GET /api/notifications/summary/ HTTP/1.1" 200 2244
[17/Sep/2026 09:31:28] "GET /api/notifications/summary/ HTTP/1.1" 200 2244
[17/Sep/2026 09:31:59] "GET /api/notifications/summary/ HTTP/1.1" 200 2244
[17/Sep/2026 09:32:29] "GET /api/notifications/summary/ HTTP/1.1" 200 2244
[17/Sep/2026 09:33:00] "GET /api/notifications/summary/ HTTP/1.1" 200 2244
[17/Sep/2026 09:33:31] "GET /api/notifications/summary/ HTTP/1.1" 200 2244
[17/Sep/2026 09:34:01] "GET /api/notifications/summary/ HTTP/1.1" 200 2244
[17/Sep/2026 09:34:32] "GET /api/notifications/summary/ HTTP/1.1" 200 2244
[17/Sep/2026 09:35:03] "GET /api/notifications/summary/ HTTP/1.1" 200 2244
[17/Sep/2026 09:35:33] "GET /api/notifications/summary/ HTTP/1.1" 200 2244
[17/Sep/2026 09:36:04] "GET /api/notifications/summary/ HTTP/1.1" 200 2244
[17/Sep/2026 09:36:35] "GET /api/notifications/summary/ HTTP/1.1" 200 2244
[17/Sep/2026 09:37:05] "GET /api/notifications/summary/ HTTP/1.1" 200 2244
[17/Sep/2026 09:37:36] "GET /api/notifications/summary/ HTTP/1.1" 200 2244
[17/Sep/2026 09:38:07] "GET /api/notifications/summary/ HTTP/1.1" 200 2244
[17/Sep/2026 09:38:37] "GET /api/notifications/summary/ HTTP/1.1" 200 2244
[17/Sep/2026 09:39:08] "GET /api/notifications/summary/ HTTP/1.1" 200 2244
[17/Sep/2026 09:39:39] "GET /api/notifications/summary/ HTTP/1.1" 200 2244
Unauthorized: /api/notifications/summary/
[17/Sep/2026 09:40:09] "GET /api/notifications/summary/ HTTP/1.1" 401 172
[17/Sep/2026 09:40:10] "POST /api/auth/refresh/ HTTP/1.1" 200 625
[17/Sep/2026 09:40:11] "GET /api/auth/me/ HTTP/1.1" 200 298
[17/Sep/2026 09:40:11] "GET /api/notifications/summary/ HTTP/1.1" 200 2244
[17/Sep/2026 09:40:26] "GET /api/leads/?page_size=500&ordering=-created_at HTTP/1.1" 200 77097
[17/Sep/2026 09:40:41] "GET /api/notifications/summary/ HTTP/1.1" 200 2244
[17/Sep/2026 09:41:12] "GET /api/notifications/summary/ HTTP/1.1" 200 2244
[17/Sep/2026 09:41:43] "GET /api/notifications/summary/ HTTP/1.1" 200 2244
[17/Sep/2026 09:42:14] "GET /api/notifications/summary/ HTTP/1.1" 200 2244
[17/Sep/2026 09:42:44] "GET /api/notifications/summary/ HTTP/1.1" 200 2244
[17/Sep/2026 09:43:15] "GET /api/notifications/summary/ HTTP/1.1" 200 2244
[17/Sep/2026 09:43:45] "GET /api/notifications/summary/ HTTP/1.1" 200 2244
[17/Sep/2026 09:44:16] "GET /api/notifications/summary/ HTTP/1.1" 200 2244
[17/Sep/2026 09:44:47] "GET /api/notifications/summary/ HTTP/1.1" 200 2244
[17/Sep/2026 09:45:17] "GET /api/notifications/summary/ HTTP/1.1" 200 2244
[17/Sep/2026 09:45:48] "GET /api/notifications/summary/ HTTP/1.1" 200 2244
[17/Sep/2026 09:46:19] "GET /api/notifications/summary/ HTTP/1.1" 200 2244
[17/Sep/2026 09:46:50] "GET /api/notifications/summary/ HTTP/1.1" 200 2244
[17/Sep/2026 09:47:20] "GET /api/notifications/summary/ HTTP/1.1" 200 2244
[17/Sep/2026 09:47:51] "GET /api/notifications/summary/ HTTP/1.1" 200 2244
[17/Sep/2026 09:48:22] "GET /api/notifications/summary/ HTTP/1.1" 200 2244
[17/Sep/2026 09:48:52] "GET /api/notifications/summary/ HTTP/1.1" 200 2244
[17/Sep/2026 09:49:23] "GET /api/notifications/summary/ HTTP/1.1" 200 2244
[17/Sep/2026 09:49:54] "GET /api/notifications/summary/ HTTP/1.1" 200 2244
[17/Sep/2026 09:50:24] "GET /api/notifications/summary/ HTTP/1.1" 200 2244
[17/Sep/2026 09:50:55] "GET /api/notifications/summary/ HTTP/1.1" 200 2244
[17/Sep/2026 09:51:26] "GET /api/notifications/summary/ HTTP/1.1" 200 2244
[17/Sep/2026 09:51:56] "GET /api/notifications/summary/ HTTP/1.1" 200 2244
[17/Sep/2026 09:52:27] "GET /api/notifications/summary/ HTTP/1.1" 200 2244
[17/Sep/2026 09:52:58] "GET /api/notifications/summary/ HTTP/1.1" 200 2244
[17/Sep/2026 09:53:28] "GET /api/notifications/summary/ HTTP/1.1" 200 2244
[17/Sep/2026 09:53:59] "GET /api/notifications/summary/ HTTP/1.1" 200 2244
[17/Sep/2026 09:54:30] "GET /api/notifications/summary/ HTTP/1.1" 200 2244
[17/Sep/2026 09:55:00] "GET /api/notifications/summary/ HTTP/1.1" 200 2244
Unauthorized: /api/notifications/summary/
[17/Sep/2026 09:55:30] "GET /api/notifications/summary/ HTTP/1.1" 401 172
[17/Sep/2026 09:55:32] "POST /api/auth/refresh/ HTTP/1.1" 200 625
[17/Sep/2026 09:55:32] "GET /api/auth/me/ HTTP/1.1" 200 298
[17/Sep/2026 09:55:33] "GET /api/notifications/summary/ HTTP/1.1" 200 2244
[17/Sep/2026 09:55:46] "GET /api/leads/?page_size=500&ordering=-created_at HTTP/1.1" 200 77097
[17/Sep/2026 09:56:03] "GET /api/notifications/summary/ HTTP/1.1" 200 2244
[17/Sep/2026 09:56:34] "GET /api/notifications/summary/ HTTP/1.1" 200 2244
[17/Sep/2026 09:57:05] "GET /api/notifications/summary/ HTTP/1.1" 200 2244
[17/Sep/2026 09:57:35] "GET /api/notifications/summary/ HTTP/1.1" 200 2244
[17/Sep/2026 09:58:06] "GET /api/notifications/summary/ HTTP/1.1" 200 2244
[17/Sep/2026 09:58:37] "GET /api/notifications/summary/ HTTP/1.1" 200 2244
[17/Sep/2026 09:59:08] "GET /api/notifications/summary/ HTTP/1.1" 200 2244
[17/Sep/2026 09:59:38] "GET /api/notifications/summary/ HTTP/1.1" 200 2244
[17/Sep/2026 10:00:09] "GET /api/notifications/summary/ HTTP/1.1" 200 2244
[17/Sep/2026 10:00:40] "GET /api/notifications/summary/ HTTP/1.1" 200 2244
[17/Sep/2026 10:01:10] "GET /api/notifications/summary/ HTTP/1.1" 200 2244
[17/Sep/2026 10:01:41] "GET /api/notifications/summary/ HTTP/1.1" 200 2244
[17/Sep/2026 10:02:12] "GET /api/notifications/summary/ HTTP/1.1" 200 2244
[17/Sep/2026 10:02:42] "GET /api/notifications/summary/ HTTP/1.1" 200 2244
[17/Sep/2026 10:03:13] "GET /api/notifications/summary/ HTTP/1.1" 200 2244
[17/Sep/2026 10:03:43] "GET /api/notifications/summary/ HTTP/1.1" 200 2244
[17/Sep/2026 10:04:14] "GET /api/notifications/summary/ HTTP/1.1" 200 2244
[17/Sep/2026 10:04:45] "GET /api/notifications/summary/ HTTP/1.1" 200 2244
[17/Sep/2026 10:05:16] "GET /api/notifications/summary/ HTTP/1.1" 200 2244
[17/Sep/2026 10:05:46] "GET /api/notifications/summary/ HTTP/1.1" 200 2244
[17/Sep/2026 10:06:17] "GET /api/notifications/summary/ HTTP/1.1" 200 2244
[17/Sep/2026 10:06:48] "GET /api/notifications/summary/ HTTP/1.1" 200 2244
[17/Sep/2026 10:07:18] "GET /api/notifications/summary/ HTTP/1.1" 200 2244
[17/Sep/2026 10:07:49] "GET /api/notifications/summary/ HTTP/1.1" 200 2244
[17/Sep/2026 10:08:20] "GET /api/notifications/summary/ HTTP/1.1" 200 2244
[17/Sep/2026 10:08:50] "GET /api/notifications/summary/ HTTP/1.1" 200 2244
[17/Sep/2026 10:09:21] "GET /api/notifications/summary/ HTTP/1.1" 200 2244
[17/Sep/2026 10:09:52] "GET /api/notifications/summary/ HTTP/1.1" 200 2244
[17/Sep/2026 10:10:22] "GET /api/notifications/summary/ HTTP/1.1" 200 2244
Unauthorized: /api/notifications/summary/
[17/Sep/2026 10:10:52] "GET /api/notifications/summary/ HTTP/1.1" 401 172
[17/Sep/2026 10:10:54] "POST /api/auth/refresh/ HTTP/1.1" 200 625
[17/Sep/2026 10:10:54] "GET /api/auth/me/ HTTP/1.1" 200 298
[17/Sep/2026 10:10:54] "GET /api/notifications/summary/ HTTP/1.1" 200 2244
[17/Sep/2026 10:11:07] "GET /api/leads/?page_size=500&ordering=-created_at HTTP/1.1" 200 77097
[17/Sep/2026 10:11:25] "GET /api/notifications/summary/ HTTP/1.1" 200 2244
[17/Sep/2026 10:11:56] "GET /api/notifications/summary/ HTTP/1.1" 200 2244
[17/Sep/2026 10:12:26] "GET /api/notifications/summary/ HTTP/1.1" 200 2244
[17/Sep/2026 10:12:57] "GET /api/notifications/summary/ HTTP/1.1" 200 2244
[17/Sep/2026 10:13:28] "GET /api/notifications/summary/ HTTP/1.1" 200 2244
[17/Sep/2026 10:13:59] "GET /api/notifications/summary/ HTTP/1.1" 200 2244
[17/Sep/2026 10:14:29] "GET /api/notifications/summary/ HTTP/1.1" 200 2244
[17/Sep/2026 10:15:00] "GET /api/notifications/summary/ HTTP/1.1" 200 2244
[17/Sep/2026 10:15:30] "GET /api/notifications/summary/ HTTP/1.1" 200 2244
[17/Sep/2026 10:16:01] "GET /api/notifications/summary/ HTTP/1.1" 200 2244
[17/Sep/2026 10:16:32] "GET /api/notifications/summary/ HTTP/1.1" 200 2244
[17/Sep/2026 10:17:02] "GET /api/notifications/summary/ HTTP/1.1" 200 2244
[17/Sep/2026 10:17:33] "GET /api/notifications/summary/ HTTP/1.1" 200 2244
[17/Sep/2026 10:18:04] "GET /api/notifications/summary/ HTTP/1.1" 200 2244
[17/Sep/2026 10:18:34] "GET /api/notifications/summary/ HTTP/1.1" 200 2244
[17/Sep/2026 10:19:05] "GET /api/notifications/summary/ HTTP/1.1" 200 2244
[17/Sep/2026 10:19:36] "GET /api/notifications/summary/ HTTP/1.1" 200 2244
[17/Sep/2026 10:20:06] "GET /api/notifications/summary/ HTTP/1.1" 200 2244
[17/Sep/2026 10:20:37] "GET /api/notifications/summary/ HTTP/1.1" 200 2244
[17/Sep/2026 10:21:08] "GET /api/notifications/summary/ HTTP/1.1" 200 2244
[17/Sep/2026 10:21:38] "GET /api/notifications/summary/ HTTP/1.1" 200 2244
[17/Sep/2026 10:22:09] "GET /api/notifications/summary/ HTTP/1.1" 200 2244
[17/Sep/2026 10:22:40] "GET /api/notifications/summary/ HTTP/1.1" 200 2244
[17/Sep/2026 10:23:10] "GET /api/notifications/summary/ HTTP/1.1" 200 2244
[17/Sep/2026 10:23:41] "GET /api/notifications/summary/ HTTP/1.1" 200 2244
[17/Sep/2026 10:24:12] "GET /api/notifications/summary/ HTTP/1.1" 200 2244
[17/Sep/2026 10:24:43] "GET /api/notifications/summary/ HTTP/1.1" 200 2244
[17/Sep/2026 10:25:13] "GET /api/notifications/summary/ HTTP/1.1" 200 2244
[17/Sep/2026 10:25:44] "GET /api/notifications/summary/ HTTP/1.1" 200 2244
Unauthorized: /api/notifications/summary/
[17/Sep/2026 10:26:14] "GET /api/notifications/summary/ HTTP/1.1" 401 172
[17/Sep/2026 10:26:15] "POST /api/auth/refresh/ HTTP/1.1" 200 625
[17/Sep/2026 10:26:16] "GET /api/auth/me/ HTTP/1.1" 200 298
[17/Sep/2026 10:26:16] "GET /api/notifications/summary/ HTTP/1.1" 200 2244
[17/Sep/2026 10:26:30] "GET /api/leads/?page_size=500&ordering=-created_at HTTP/1.1" 200 77097
[17/Sep/2026 10:26:47] "GET /api/notifications/summary/ HTTP/1.1" 200 2244
[17/Sep/2026 10:27:17] "GET /api/notifications/summary/ HTTP/1.1" 200 2244
[17/Sep/2026 10:27:48] "GET /api/notifications/summary/ HTTP/1.1" 200 2244
[17/Sep/2026 10:28:19] "GET /api/notifications/summary/ HTTP/1.1" 200 2244
[17/Sep/2026 10:28:49] "GET /api/notifications/summary/ HTTP/1.1" 200 2244
[17/Sep/2026 10:29:20] "GET /api/notifications/summary/ HTTP/1.1" 200 2244
[17/Sep/2026 10:29:51] "GET /api/notifications/summary/ HTTP/1.1" 200 2244
[17/Sep/2026 10:30:21] "GET /api/notifications/summary/ HTTP/1.1" 200 2244
[17/Sep/2026 10:30:52] "GET /api/notifications/summary/ HTTP/1.1" 200 2244
[17/Sep/2026 10:31:22] "OPTIONS /api/notifications/summary/ HTTP/1.1" 200 0
[17/Sep/2026 10:31:23] "GET /api/notifications/summary/ HTTP/1.1" 200 2244
[17/Sep/2026 10:31:53] "GET /api/notifications/summary/ HTTP/1.1" 200 2244
[17/Sep/2026 10:32:24] "GET /api/notifications/summary/ HTTP/1.1" 200 2244
[17/Sep/2026 10:32:55] "GET /api/notifications/summary/ HTTP/1.1" 200 2244
[17/Sep/2026 10:33:25] "GET /api/notifications/summary/ HTTP/1.1" 200 2244
[17/Sep/2026 10:33:56] "GET /api/notifications/summary/ HTTP/1.1" 200 2244
[17/Sep/2026 10:34:26] "GET /api/notifications/summary/ HTTP/1.1" 200 2244
[17/Sep/2026 10:34:57] "GET /api/notifications/summary/ HTTP/1.1" 200 2244
[17/Sep/2026 10:35:28] "GET /api/notifications/summary/ HTTP/1.1" 200 2244
[17/Sep/2026 10:35:58] "GET /api/notifications/summary/ HTTP/1.1" 200 2244
[17/Sep/2026 10:36:29] "GET /api/notifications/summary/ HTTP/1.1" 200 2244
[17/Sep/2026 10:37:00] "GET /api/notifications/summary/ HTTP/1.1" 200 2244
[17/Sep/2026 10:37:30] "GET /api/notifications/summary/ HTTP/1.1" 200 2244
[17/Sep/2026 10:38:01] "GET /api/notifications/summary/ HTTP/1.1" 200 2244
[17/Sep/2026 10:38:31] "GET /api/notifications/summary/ HTTP/1.1" 200 2244
[17/Sep/2026 10:39:02] "GET /api/notifications/summary/ HTTP/1.1" 200 2244
[17/Sep/2026 10:39:33] "GET /api/notifications/summary/ HTTP/1.1" 200 2244
[17/Sep/2026 10:40:03] "GET /api/notifications/summary/ HTTP/1.1" 200 2244
[17/Sep/2026 10:40:34] "GET /api/notifications/summary/ HTTP/1.1" 200 2244
[17/Sep/2026 10:41:05] "GET /api/notifications/summary/ HTTP/1.1" 200 2244
Unauthorized: /api/notifications/summary/
[17/Sep/2026 10:41:35] "GET /api/notifications/summary/ HTTP/1.1" 401 172
[17/Sep/2026 10:41:36] "POST /api/auth/refresh/ HTTP/1.1" 200 625
[17/Sep/2026 10:41:36] "OPTIONS /api/auth/me/ HTTP/1.1" 200 0
[17/Sep/2026 10:41:36] "OPTIONS /api/leads/?page_size=500&ordering=-created_at HTTP/1.1" 200 0
[17/Sep/2026 10:41:37] "GET /api/auth/me/ HTTP/1.1" 200 298
[17/Sep/2026 10:41:37] "GET /api/notifications/summary/ HTTP/1.1" 200 2244
[17/Sep/2026 10:41:50] "GET /api/leads/?page_size=500&ordering=-created_at HTTP/1.1" 200 77097
[17/Sep/2026 10:42:07] "GET /api/notifications/summary/ HTTP/1.1" 200 2244
[17/Sep/2026 10:42:38] "GET /api/notifications/summary/ HTTP/1.1" 200 2244
[17/Sep/2026 10:43:09] "GET /api/notifications/summary/ HTTP/1.1" 200 2244
[17/Sep/2026 10:43:40] "GET /api/notifications/summary/ HTTP/1.1" 200 2244
[17/Sep/2026 10:44:10] "GET /api/notifications/summary/ HTTP/1.1" 200 2244
[17/Sep/2026 10:44:41] "GET /api/notifications/summary/ HTTP/1.1" 200 2244
[17/Sep/2026 10:45:12] "GET /api/notifications/summary/ HTTP/1.1" 200 2244
[17/Sep/2026 10:45:42] "GET /api/notifications/summary/ HTTP/1.1" 200 2244
[17/Sep/2026 10:45:53] "OPTIONS /api/notifications/summary/ HTTP/1.1" 200 0
Unauthorized: /api/notifications/summary/
[17/Sep/2026 10:45:53] "GET /api/notifications/summary/ HTTP/1.1" 401 172
[17/Sep/2026 10:45:53] "OPTIONS /api/auth/refresh/ HTTP/1.1" 200 0
[17/Sep/2026 10:45:54] "POST /api/auth/refresh/ HTTP/1.1" 200 625
[17/Sep/2026 10:45:54] "OPTIONS /api/auth/me/ HTTP/1.1" 200 0
[17/Sep/2026 10:45:54] "OPTIONS /api/leads/?page_size=500&ordering=-created_at HTTP/1.1" 200 0
[17/Sep/2026 10:45:55,291] - Broken pipe from ('127.0.0.1', 55237)
[17/Sep/2026 10:45:55,384] - Broken pipe from ('127.0.0.1', 49481)
[17/Sep/2026 10:45:55] "OPTIONS /api/bookings/?page_size=500 HTTP/1.1" 200 0
[17/Sep/2026 10:45:55] "OPTIONS /api/sales-targets/ HTTP/1.1" 200 0
[17/Sep/2026 10:45:55] "OPTIONS /api/events/?page_size=5000&ordering=start_date,start_time,id HTTP/1.1" 200 0
[17/Sep/2026 10:45:55] "OPTIONS /api/photographers/?page_size=500 HTTP/1.1" 200 0
[17/Sep/2026 10:45:56] "GET /api/auth/me/ HTTP/1.1" 200 298
[17/Sep/2026 10:45:56] "GET /api/notifications/summary/ HTTP/1.1" 200 2244
[17/Sep/2026 10:45:56] "GET /api/bookings/?page_size=500 HTTP/1.1" 200 32625
[17/Sep/2026 10:45:56] "GET /api/sales-targets/ HTTP/1.1" 200 957
[17/Sep/2026 10:45:57] "GET /api/photographers/?page_size=500 HTTP/1.1" 200 18896
[17/Sep/2026 10:46:04] "GET /api/events/?page_size=5000&ordering=start_date,start_time,id HTTP/1.1" 200 999676
[17/Sep/2026 10:46:07] "OPTIONS /api/notifications/?page_size=20 HTTP/1.1" 200 0
[17/Sep/2026 10:46:07] "GET /api/notifications/?page_size=20 HTTP/1.1" 200 6846
[17/Sep/2026 10:46:09] "GET /api/leads/?page_size=500&ordering=-created_at HTTP/1.1" 200 77097
[17/Sep/2026 10:46:09,840] - Broken pipe from ('127.0.0.1', 49622)
[17/Sep/2026 10:46:13] "GET /api/notifications/summary/ HTTP/1.1" 200 2244
[17/Sep/2026 10:46:14] "OPTIONS /api/notifications/read-all/ HTTP/1.1" 200 0
[17/Sep/2026 10:46:14] "POST /api/notifications/read-all/ HTTP/1.1" 200 14
[17/Sep/2026 10:46:15] "GET /api/photographers/?page_size=500 HTTP/1.1" 200 18896
[17/Sep/2026 10:46:15] "GET /api/notifications/summary/ HTTP/1.1" 200 2233
[17/Sep/2026 10:46:15] "GET /api/notifications/?page_size=20 HTTP/1.1" 200 7426
[17/Sep/2026 10:46:16] "GET /api/notifications/summary/ HTTP/1.1" 200 2233
[17/Sep/2026 10:46:16] "GET /api/notifications/?page_size=20 HTTP/1.1" 200 7426
[17/Sep/2026 10:46:23] "OPTIONS /api/customers/?search=ko&page_size=5 HTTP/1.1" 200 0
[17/Sep/2026 10:46:23] "OPTIONS /api/events/?search=ko&page_size=5 HTTP/1.1" 200 0
[17/Sep/2026 10:46:23] "OPTIONS /api/leads/?search=ko&page_size=5 HTTP/1.1" 200 0
[17/Sep/2026 10:46:23] "OPTIONS /api/bookings/?search=ko&page_size=5 HTTP/1.1" 200 0
[17/Sep/2026 10:46:23] "OPTIONS /api/leads/?search=kom&page_size=5 HTTP/1.1" 200 0
[17/Sep/2026 10:46:23] "GET /api/events/?page_size=5000&ordering=start_date,start_time,id HTTP/1.1" 200 999676
[17/Sep/2026 10:46:23] "OPTIONS /api/customers/?search=kom&page_size=5 HTTP/1.1" 200 0
[17/Sep/2026 10:46:23] "OPTIONS /api/bookings/?search=kom&page_size=5 HTTP/1.1" 200 0
[17/Sep/2026 10:46:23] "OPTIONS /api/events/?search=kom&page_size=5 HTTP/1.1" 200 0
[17/Sep/2026 10:46:24,029] - Broken pipe from ('127.0.0.1', 53056)
[17/Sep/2026 10:46:24,080] - Broken pipe from ('127.0.0.1', 58478)
[17/Sep/2026 10:46:24] "GET /api/customers/?search=kom&page_size=5 HTTP/1.1" 200 818
[17/Sep/2026 10:46:24] "GET /api/bookings/?search=kom&page_size=5 HTTP/1.1" 200 374
[17/Sep/2026 10:46:24] "GET /api/leads/?search=kom&page_size=5 HTTP/1.1" 200 805
[17/Sep/2026 10:46:24,686] - Broken pipe from ('127.0.0.1', 55402)
[17/Sep/2026 10:46:26] "OPTIONS /api/customers/?page_size=500 HTTP/1.1" 200 0
[17/Sep/2026 10:46:26] "OPTIONS /api/payments/?page_size=500&ordering=-paid_at HTTP/1.1" 200 0
[17/Sep/2026 10:46:26] "OPTIONS /api/payment-reminders/?page_size=500 HTTP/1.1" 200 0
[17/Sep/2026 10:46:26] "GET /api/customers/?page_size=500 HTTP/1.1" 200 42836
[17/Sep/2026 10:46:26] "GET /api/payment-reminders/?page_size=500 HTTP/1.1" 200 52
[17/Sep/2026 10:46:26] "GET /api/payments/?page_size=500&ordering=-paid_at HTTP/1.1" 200 58141
[17/Sep/2026 10:46:26] "GET /api/bookings/?page_size=500 HTTP/1.1" 200 32625
[17/Sep/2026 10:46:31,951] - Broken pipe from ('127.0.0.1', 65208)
[17/Sep/2026 10:46:32,402] - Broken pipe from ('127.0.0.1', 56505)
[17/Sep/2026 10:46:40] "GET /api/leads/?page_size=500&ordering=-created_at HTTP/1.1" 200 77097
[17/Sep/2026 10:46:44] "GET /api/notifications/summary/ HTTP/1.1" 200 2233
[17/Sep/2026 10:46:46] "GET /api/notifications/summary/ HTTP/1.1" 200 2233
[17/Sep/2026 10:47:13] "OPTIONS /api/client-portal/access/?booking=247 HTTP/1.1" 200 0
[17/Sep/2026 10:47:14] "GET /api/client-portal/access/?booking=247 HTTP/1.1" 200 161
[17/Sep/2026 10:47:14] "GET /api/notifications/summary/ HTTP/1.1" 200 2233
[17/Sep/2026 10:47:17] "GET /api/notifications/summary/ HTTP/1.1" 200 2233
[17/Sep/2026 10:47:42] "OPTIONS /api/client-portal/invitations/ HTTP/1.1" 200 0
[17/Sep/2026 10:47:43] "POST /api/client-portal/invitations/ HTTP/1.1" 200 469
[17/Sep/2026 10:47:43] "OPTIONS /api/events/?page_size=500 HTTP/1.1" 200 0
[17/Sep/2026 10:47:44] "GET /api/payment-reminders/?page_size=500 HTTP/1.1" 200 52
[17/Sep/2026 10:47:44] "GET /api/notifications/summary/ HTTP/1.1" 200 2233
[17/Sep/2026 10:47:44] "GET /api/customers/?page_size=500 HTTP/1.1" 200 42836
[17/Sep/2026 10:47:44] "GET /api/bookings/?page_size=500 HTTP/1.1" 200 32625
[17/Sep/2026 10:47:44] "GET /api/payments/?page_size=500&ordering=-paid_at HTTP/1.1" 200 58141
[17/Sep/2026 10:47:45] "GET /api/notifications/summary/ HTTP/1.1" 200 2233
[17/Sep/2026 10:47:45] "GET /api/client-portal/access/?booking=247 HTTP/1.1" 200 664
[17/Sep/2026 10:47:53] "GET /api/client-portal/eyJhY2Nlc3NfaWQiOjE4LCJwdXJwb3NlIjoic3RhZmYtcHJldmlldyJ9%3A1x74VF%3AWH11RMpKU3rWXmkPD0n-01zS3ulZSsUAhH73MAw0CfA/ HTTP/1.1" 200 1139
[17/Sep/2026 10:47:54] "GET /api/events/?page_size=500 HTTP/1.1" 200 427947
[17/Sep/2026 10:47:56] "GET /api/leads/?page_size=500&ordering=-created_at HTTP/1.1" 200 77097
[17/Sep/2026 10:48:15] "GET /api/notifications/summary/ HTTP/1.1" 200 2233
[17/Sep/2026 10:48:46] "GET /api/notifications/summary/ HTTP/1.1" 200 2233
[17/Sep/2026 10:48:57] "GET /api/client-portal/access/?booking=247 HTTP/1.1" 200 803
[17/Sep/2026 10:49:00] "GET /api/client-portal/eyJhY2Nlc3NfaWQiOjE4LCJwdXJwb3NlIjoic3RhZmYtcHJldmlldyJ9%3A1x74WP%3A1NFJq_INI8wl44HBxQtw2rGSDLnPJpOOfIUE53aD0Q8/ HTTP/1.1" 200 1139
[17/Sep/2026 10:49:17] "GET /api/notifications/summary/ HTTP/1.1" 200 2233
[17/Sep/2026 10:49:45] "GET /api/notifications/summary/ HTTP/1.1" 200 2233
[17/Sep/2026 10:49:47] "GET /api/notifications/summary/ HTTP/1.1" 200 2233
[17/Sep/2026 10:50:09,706] - Broken pipe from ('127.0.0.1', 62466)
[17/Sep/2026 10:50:09,756] - Broken pipe from ('127.0.0.1', 57196)
[17/Sep/2026 10:50:09] "OPTIONS /api/leads/?search=komal&page_size=5 HTTP/1.1" 200 0
[17/Sep/2026 10:50:09] "OPTIONS /api/customers/?search=komal&page_size=5 HTTP/1.1" 200 0
[17/Sep/2026 10:50:09] "OPTIONS /api/bookings/?search=komal&page_size=5 HTTP/1.1" 200 0
[17/Sep/2026 10:50:09] "OPTIONS /api/events/?search=komal&page_size=5 HTTP/1.1" 200 0
[17/Sep/2026 10:50:10,062] - Broken pipe from ('127.0.0.1', 59828)
[17/Sep/2026 10:50:10,140] - Broken pipe from ('127.0.0.1', 62152)
[17/Sep/2026 10:50:10,304] - Broken pipe from ('127.0.0.1', 60917)
[17/Sep/2026 10:50:10,413] - Broken pipe from ('127.0.0.1', 59142)
[17/Sep/2026 10:50:10] "GET /api/bookings/?search=komal&page_size=5 HTTP/1.1" 200 374
[17/Sep/2026 10:50:10] "GET /api/customers/?search=komal&page_size=5 HTTP/1.1" 200 818
[17/Sep/2026 10:50:10] "GET /api/leads/?search=komal&page_size=5 HTTP/1.1" 200 805
[17/Sep/2026 10:50:15] "GET /api/notifications/summary/ HTTP/1.1" 200 2233
[17/Sep/2026 10:50:18,069] - Broken pipe from ('127.0.0.1', 51555)
[17/Sep/2026 10:50:18] "GET /api/events/?search=komal&page_size=5 HTTP/1.1" 200 4374
[17/Sep/2026 10:50:18] "GET /api/notifications/summary/ HTTP/1.1" 200 2233
[17/Sep/2026 10:50:18,581] - Broken pipe from ('127.0.0.1', 56542)
[17/Sep/2026 10:50:46] "GET /api/notifications/summary/ HTTP/1.1" 200 2233
[17/Sep/2026 10:50:49] "GET /api/notifications/summary/ HTTP/1.1" 200 2233
[17/Sep/2026 10:51:17] "GET /api/notifications/summary/ HTTP/1.1" 200 2233
[17/Sep/2026 10:51:19] "GET /api/notifications/summary/ HTTP/1.1" 200 2233
[17/Sep/2026 10:51:33] "OPTIONS /api/dashboard/ HTTP/1.1" 200 0
[17/Sep/2026 10:51:33] "OPTIONS /api/dashboard/ HTTP/1.1" 200 0
[17/Sep/2026 10:51:33] "OPTIONS /api/reports/revenue/?months=6 HTTP/1.1" 200 0
[17/Sep/2026 10:51:33] "OPTIONS /api/reports/revenue/?months=6 HTTP/1.1" 200 0
[17/Sep/2026 10:51:34] "GET /api/reports/revenue/?months=6 HTTP/1.1" 200 307
[17/Sep/2026 10:51:34] "GET /api/reports/revenue/?months=6 HTTP/1.1" 200 307
[17/Sep/2026 10:51:35] "GET /api/dashboard/ HTTP/1.1" 200 5735
[17/Sep/2026 10:51:38] "GET /api/dashboard/ HTTP/1.1" 200 5735
[17/Sep/2026 10:51:41] "GET /api/sales-targets/ HTTP/1.1" 200 957
[17/Sep/2026 10:51:41] "GET /api/bookings/?page_size=500 HTTP/1.1" 200 32625
[17/Sep/2026 10:51:47] "GET /api/notifications/summary/ HTTP/1.1" 200 2233
[17/Sep/2026 10:51:50] "GET /api/notifications/summary/ HTTP/1.1" 200 2233
[17/Sep/2026 10:51:51] "OPTIONS /api/leads/?search=Komal+Chaurasiya&page_size=5 HTTP/1.1" 200 0
[17/Sep/2026 10:51:51] "OPTIONS /api/bookings/?search=Komal+Chaurasiya&page_size=5 HTTP/1.1" 200 0
[17/Sep/2026 10:51:51] "OPTIONS /api/customers/?search=Komal+Chaurasiya&page_size=5 HTTP/1.1" 200 0
[17/Sep/2026 10:51:51] "OPTIONS /api/events/?search=Komal+Chaurasiya&page_size=5 HTTP/1.1" 200 0
[17/Sep/2026 10:51:52] "GET /api/customers/?search=Komal+Chaurasiya&page_size=5 HTTP/1.1" 200 818
[17/Sep/2026 10:51:52] "GET /api/bookings/?search=Komal+Chaurasiya&page_size=5 HTTP/1.1" 200 374
[17/Sep/2026 10:51:52] "GET /api/leads/?search=Komal+Chaurasiya&page_size=5 HTTP/1.1" 200 805
[17/Sep/2026 10:51:53] "GET /api/leads/?page_size=500&ordering=-created_at HTTP/1.1" 200 77097
[17/Sep/2026 10:52:00] "GET /api/events/?search=Komal+Chaurasiya&page_size=5 HTTP/1.1" 200 1606
[17/Sep/2026 10:52:18] "GET /api/notifications/summary/ HTTP/1.1" 200 2233
[17/Sep/2026 10:52:21] "GET /api/notifications/summary/ HTTP/1.1" 200 2233
[17/Sep/2026 10:52:51] "GET /api/notifications/summary/ HTTP/1.1" 200 2233
[17/Sep/2026 10:53:22] "GET /api/notifications/summary/ HTTP/1.1" 200 2233
[17/Sep/2026 10:53:53] "GET /api/notifications/summary/ HTTP/1.1" 200 2233
[17/Sep/2026 10:54:23] "GET /api/notifications/summary/ HTTP/1.1" 200 2233
[17/Sep/2026 10:54:54] "GET /api/notifications/summary/ HTTP/1.1" 200 2233
[17/Sep/2026 10:55:24] "GET /api/notifications/summary/ HTTP/1.1" 200 2233
[17/Sep/2026 10:55:55] "GET /api/notifications/summary/ HTTP/1.1" 200 2233
[17/Sep/2026 10:56:26] "GET /api/notifications/summary/ HTTP/1.1" 200 2233
Unauthorized: /api/notifications/summary/
[17/Sep/2026 10:56:56] "GET /api/notifications/summary/ HTTP/1.1" 401 172
[17/Sep/2026 10:56:56] "OPTIONS /api/auth/refresh/ HTTP/1.1" 200 0
[17/Sep/2026 10:56:57] "POST /api/auth/refresh/ HTTP/1.1" 200 625
[17/Sep/2026 10:56:58] "GET /api/auth/me/ HTTP/1.1" 200 298
[17/Sep/2026 10:56:58] "GET /api/notifications/summary/ HTTP/1.1" 200 2233
[17/Sep/2026 10:57:10] "GET /api/leads/?page_size=500&ordering=-created_at HTTP/1.1" 200 77097
[17/Sep/2026 10:57:28] "GET /api/notifications/summary/ HTTP/1.1" 200 2233
[17/Sep/2026 10:57:59] "GET /api/notifications/summary/ HTTP/1.1" 200 2233
[17/Sep/2026 10:58:30] "GET /api/notifications/summary/ HTTP/1.1" 200 2233
[17/Sep/2026 10:59:00] "GET /api/notifications/summary/ HTTP/1.1" 200 2233
[17/Sep/2026 10:59:31] "GET /api/notifications/summary/ HTTP/1.1" 200 2233
[17/Sep/2026 11:00:02] "GET /api/notifications/summary/ HTTP/1.1" 200 2233
[17/Sep/2026 11:00:32] "GET /api/notifications/summary/ HTTP/1.1" 200 2233
[17/Sep/2026 11:01:03] "GET /api/notifications/summary/ HTTP/1.1" 200 2233
[17/Sep/2026 11:01:33] "GET /api/notifications/summary/ HTTP/1.1" 200 2233
[17/Sep/2026 11:02:04] "GET /api/notifications/summary/ HTTP/1.1" 200 2233
[17/Sep/2026 11:02:35] "GET /api/notifications/summary/ HTTP/1.1" 200 2233
[17/Sep/2026 11:03:06] "GET /api/notifications/summary/ HTTP/1.1" 200 2233
[17/Sep/2026 11:03:36] "GET /api/notifications/summary/ HTTP/1.1" 200 2233
Unauthorized: /api/notifications/summary/
[17/Sep/2026 11:03:48] "GET /api/notifications/summary/ HTTP/1.1" 401 172
[17/Sep/2026 11:03:49] "POST /api/auth/refresh/ HTTP/1.1" 200 625
[17/Sep/2026 11:03:50] "GET /api/notifications/summary/ HTTP/1.1" 200 2233
[17/Sep/2026 11:03:50] "GET /api/auth/me/ HTTP/1.1" 200 298
[17/Sep/2026 11:03:51] "GET /api/customers/?search=Komal+Chaurasiya&page_size=5 HTTP/1.1" 200 818
[17/Sep/2026 11:03:51] "GET /api/bookings/?search=Komal+Chaurasiya&page_size=5 HTTP/1.1" 200 374
[17/Sep/2026 11:03:51] "GET /api/leads/?search=Komal+Chaurasiya&page_size=5 HTTP/1.1" 200 805
[17/Sep/2026 11:03:59] "GET /api/events/?search=Komal+Chaurasiya&page_size=5 HTTP/1.1" 200 1606
[17/Sep/2026 11:04:02] "GET /api/leads/?page_size=500&ordering=-created_at HTTP/1.1" 200 77097
[17/Sep/2026 11:04:07] "GET /api/notifications/summary/ HTTP/1.1" 200 2233
[17/Sep/2026 11:04:37] "GET /api/notifications/summary/ HTTP/1.1" 200 2233
[17/Sep/2026 11:05:08] "GET /api/notifications/summary/ HTTP/1.1" 200 2233
[17/Sep/2026 11:05:39] "GET /api/notifications/summary/ HTTP/1.1" 200 2233
[17/Sep/2026 11:06:09] "GET /api/notifications/summary/ HTTP/1.1" 200 2233
[17/Sep/2026 11:06:40] "GET /api/notifications/summary/ HTTP/1.1" 200 2233
[17/Sep/2026 11:07:10] "GET /api/notifications/summary/ HTTP/1.1" 200 2233
[17/Sep/2026 11:07:41] "GET /api/notifications/summary/ HTTP/1.1" 200 2233
[17/Sep/2026 11:08:12] "GET /api/notifications/summary/ HTTP/1.1" 200 2233
[17/Sep/2026 11:08:42] "GET /api/notifications/summary/ HTTP/1.1" 200 2233
[17/Sep/2026 11:09:13] "GET /api/notifications/summary/ HTTP/1.1" 200 2233
[17/Sep/2026 11:09:43] "GET /api/notifications/summary/ HTTP/1.1" 200 2233
[17/Sep/2026 11:10:14] "GET /api/notifications/summary/ HTTP/1.1" 200 2233
[17/Sep/2026 11:10:45] "GET /api/notifications/summary/ HTTP/1.1" 200 2233
[17/Sep/2026 11:11:15] "GET /api/notifications/summary/ HTTP/1.1" 200 2233
[17/Sep/2026 11:11:46] "GET /api/notifications/summary/ HTTP/1.1" 200 2233
Unauthorized: /api/notifications/summary/
[17/Sep/2026 11:12:16] "GET /api/notifications/summary/ HTTP/1.1" 401 172
[17/Sep/2026 11:12:17] "POST /api/auth/refresh/ HTTP/1.1" 200 625
[17/Sep/2026 11:12:18] "GET /api/auth/me/ HTTP/1.1" 200 298
[17/Sep/2026 11:12:18] "GET /api/notifications/summary/ HTTP/1.1" 200 2233
[17/Sep/2026 11:12:30] "GET /api/leads/?page_size=500&ordering=-created_at HTTP/1.1" 200 77097
[17/Sep/2026 11:12:49] "GET /api/notifications/summary/ HTTP/1.1" 200 2233
[17/Sep/2026 11:13:20] "GET /api/notifications/summary/ HTTP/1.1" 200 2233
[17/Sep/2026 11:13:50] "GET /api/notifications/summary/ HTTP/1.1" 200 2233
[17/Sep/2026 11:14:21] "GET /api/notifications/summary/ HTTP/1.1" 200 2233
[17/Sep/2026 11:14:51] "GET /api/notifications/summary/ HTTP/1.1" 200 2233
[17/Sep/2026 11:15:22] "GET /api/notifications/summary/ HTTP/1.1" 200 2233
[17/Sep/2026 11:15:53] "GET /api/notifications/summary/ HTTP/1.1" 200 2233
[17/Sep/2026 11:16:24] "GET /api/notifications/summary/ HTTP/1.1" 200 2233
[17/Sep/2026 11:16:54] "GET /api/notifications/summary/ HTTP/1.1" 200 2233
[17/Sep/2026 11:17:25] "GET /api/notifications/summary/ HTTP/1.1" 200 2233
[17/Sep/2026 11:17:56] "GET /api/notifications/summary/ HTTP/1.1" 200 2233
[17/Sep/2026 11:18:26] "GET /api/notifications/summary/ HTTP/1.1" 200 2233
[17/Sep/2026 11:18:57] "GET /api/notifications/summary/ HTTP/1.1" 200 2233
[17/Sep/2026 11:19:28] "GET /api/notifications/summary/ HTTP/1.1" 200 2233
[17/Sep/2026 11:19:59] "GET /api/notifications/summary/ HTTP/1.1" 200 2233
[17/Sep/2026 11:20:29] "GET /api/notifications/summary/ HTTP/1.1" 200 2233
[17/Sep/2026 11:21:00] "GET /api/notifications/summary/ HTTP/1.1" 200 2233
[17/Sep/2026 11:21:31] "GET /api/notifications/summary/ HTTP/1.1" 200 2233
[17/Sep/2026 11:22:01] "GET /api/notifications/summary/ HTTP/1.1" 200 2233
[17/Sep/2026 11:22:32] "GET /api/notifications/summary/ HTTP/1.1" 200 2233
[17/Sep/2026 11:23:03] "GET /api/notifications/summary/ HTTP/1.1" 200 2233
[17/Sep/2026 11:23:33] "GET /api/notifications/summary/ HTTP/1.1" 200 2233
[17/Sep/2026 11:24:04] "GET /api/notifications/summary/ HTTP/1.1" 200 2233
[17/Sep/2026 11:24:34] "GET /api/notifications/summary/ HTTP/1.1" 200 2233
[17/Sep/2026 11:25:05] "GET /api/notifications/summary/ HTTP/1.1" 200 2233
[17/Sep/2026 11:25:36] "GET /api/notifications/summary/ HTTP/1.1" 200 2233
[17/Sep/2026 11:26:07] "GET /api/notifications/summary/ HTTP/1.1" 200 2233
[17/Sep/2026 11:26:37] "GET /api/notifications/summary/ HTTP/1.1" 200 2233
[17/Sep/2026 11:27:08] "GET /api/notifications/summary/ HTTP/1.1" 200 2233
Unauthorized: /api/notifications/summary/
[17/Sep/2026 11:27:38] "GET /api/notifications/summary/ HTTP/1.1" 401 172
[17/Sep/2026 11:27:39] "POST /api/auth/refresh/ HTTP/1.1" 200 625
[17/Sep/2026 11:27:40] "GET /api/auth/me/ HTTP/1.1" 200 298
[17/Sep/2026 11:27:40] "GET /api/notifications/summary/ HTTP/1.1" 200 2233
[17/Sep/2026 11:27:53] "GET /api/leads/?page_size=500&ordering=-created_at HTTP/1.1" 200 77097
[17/Sep/2026 11:28:11] "GET /api/notifications/summary/ HTTP/1.1" 200 2233
[17/Sep/2026 11:28:41] "GET /api/notifications/summary/ HTTP/1.1" 200 2233
[17/Sep/2026 11:29:12] "GET /api/notifications/summary/ HTTP/1.1" 200 2233
[17/Sep/2026 11:29:43] "GET /api/notifications/summary/ HTTP/1.1" 200 2233
[17/Sep/2026 11:30:14] "GET /api/notifications/summary/ HTTP/1.1" 200 2233
[17/Sep/2026 11:30:44] "GET /api/notifications/summary/ HTTP/1.1" 200 2233
[17/Sep/2026 11:31:15] "GET /api/notifications/summary/ HTTP/1.1" 200 2233
[17/Sep/2026 11:31:45] "GET /api/notifications/summary/ HTTP/1.1" 200 2233
[17/Sep/2026 11:32:16] "GET /api/notifications/summary/ HTTP/1.1" 200 2233
[17/Sep/2026 11:32:47] "GET /api/notifications/summary/ HTTP/1.1" 200 2233
[17/Sep/2026 11:33:18] "GET /api/notifications/summary/ HTTP/1.1" 200 2233
[17/Sep/2026 11:33:48] "GET /api/notifications/summary/ HTTP/1.1" 200 2233
[17/Sep/2026 11:34:19] "GET /api/notifications/summary/ HTTP/1.1" 200 2233
[17/Sep/2026 11:34:50] "GET /api/notifications/summary/ HTTP/1.1" 200 2233
[17/Sep/2026 11:35:20] "GET /api/notifications/summary/ HTTP/1.1" 200 2233
[17/Sep/2026 11:35:51] "GET /api/notifications/summary/ HTTP/1.1" 200 2233
[17/Sep/2026 11:36:22] "GET /api/notifications/summary/ HTTP/1.1" 200 2233
[17/Sep/2026 11:36:52] "GET /api/notifications/summary/ HTTP/1.1" 200 2233
[17/Sep/2026 11:37:23] "GET /api/notifications/summary/ HTTP/1.1" 200 2233
[17/Sep/2026 11:37:54] "GET /api/notifications/summary/ HTTP/1.1" 200 2233
[17/Sep/2026 11:38:24] "GET /api/notifications/summary/ HTTP/1.1" 200 2233
[17/Sep/2026 11:38:55] "GET /api/notifications/summary/ HTTP/1.1" 200 2233
[17/Sep/2026 11:39:26] "GET /api/notifications/summary/ HTTP/1.1" 200 2233
[17/Sep/2026 11:39:56] "GET /api/notifications/summary/ HTTP/1.1" 200 2233
[17/Sep/2026 11:40:27] "GET /api/notifications/summary/ HTTP/1.1" 200 2233
[17/Sep/2026 11:40:58] "GET /api/notifications/summary/ HTTP/1.1" 200 2233
[17/Sep/2026 11:41:28] "GET /api/notifications/summary/ HTTP/1.1" 200 2233
[17/Sep/2026 11:41:59] "GET /api/notifications/summary/ HTTP/1.1" 200 2233
[17/Sep/2026 11:42:30] "GET /api/notifications/summary/ HTTP/1.1" 200 2233
Unauthorized: /api/notifications/summary/
[17/Sep/2026 11:43:00] "GET /api/notifications/summary/ HTTP/1.1" 401 172
[17/Sep/2026 11:43:01] "POST /api/auth/refresh/ HTTP/1.1" 200 625
[17/Sep/2026 11:43:02] "GET /api/auth/me/ HTTP/1.1" 200 298
[17/Sep/2026 11:43:02] "GET /api/notifications/summary/ HTTP/1.1" 200 2233
[17/Sep/2026 11:43:14] "GET /api/leads/?page_size=500&ordering=-created_at HTTP/1.1" 200 77097
[17/Sep/2026 11:43:32] "GET /api/notifications/summary/ HTTP/1.1" 200 2233
[17/Sep/2026 11:44:03] "GET /api/notifications/summary/ HTTP/1.1" 200 2233
[17/Sep/2026 11:44:34] "GET /api/notifications/summary/ HTTP/1.1" 200 2233
[17/Sep/2026 11:45:04] "GET /api/notifications/summary/ HTTP/1.1" 200 2233
[17/Sep/2026 11:45:35] "GET /api/notifications/summary/ HTTP/1.1" 200 2233
[17/Sep/2026 11:46:06] "GET /api/notifications/summary/ HTTP/1.1" 200 2233
[17/Sep/2026 11:46:37] "GET /api/notifications/summary/ HTTP/1.1" 200 2233
[17/Sep/2026 11:47:07] "GET /api/notifications/summary/ HTTP/1.1" 200 2233
[17/Sep/2026 11:47:38] "GET /api/notifications/summary/ HTTP/1.1" 200 2233
[17/Sep/2026 11:48:09] "GET /api/notifications/summary/ HTTP/1.1" 200 2233
[17/Sep/2026 11:48:39] "GET /api/notifications/summary/ HTTP/1.1" 200 2233
[17/Sep/2026 11:49:10] "GET /api/notifications/summary/ HTTP/1.1" 200 2233
[17/Sep/2026 11:49:41] "GET /api/notifications/summary/ HTTP/1.1" 200 2233
[17/Sep/2026 11:50:12] "GET /api/notifications/summary/ HTTP/1.1" 200 2233
[17/Sep/2026 11:50:42] "GET /api/notifications/summary/ HTTP/1.1" 200 2233
[17/Sep/2026 11:51:13] "GET /api/notifications/summary/ HTTP/1.1" 200 2233
[17/Sep/2026 11:51:44] "GET /api/notifications/summary/ HTTP/1.1" 200 2233
[17/Sep/2026 11:52:14] "GET /api/notifications/summary/ HTTP/1.1" 200 2233
[17/Sep/2026 11:52:45] "GET /api/notifications/summary/ HTTP/1.1" 200 2233
[17/Sep/2026 11:53:16] "GET /api/notifications/summary/ HTTP/1.1" 200 2233
[17/Sep/2026 11:53:46] "GET /api/notifications/summary/ HTTP/1.1" 200 2233
[17/Sep/2026 11:54:17] "GET /api/notifications/summary/ HTTP/1.1" 200 2233
[17/Sep/2026 11:54:48] "GET /api/notifications/summary/ HTTP/1.1" 200 2233
[17/Sep/2026 11:55:18] "GET /api/notifications/summary/ HTTP/1.1" 200 2233
[17/Sep/2026 11:55:49] "GET /api/notifications/summary/ HTTP/1.1" 200 2233
[17/Sep/2026 11:56:20] "GET /api/notifications/summary/ HTTP/1.1" 200 2233
[17/Sep/2026 11:56:51] "GET /api/notifications/summary/ HTTP/1.1" 200 2233
[17/Sep/2026 11:57:21] "GET /api/notifications/summary/ HTTP/1.1" 200 2233
[17/Sep/2026 11:57:52] "GET /api/notifications/summary/ HTTP/1.1" 200 2233
Unauthorized: /api/notifications/summary/
[17/Sep/2026 11:58:22] "GET /api/notifications/summary/ HTTP/1.1" 401 172
[17/Sep/2026 11:58:23] "POST /api/auth/refresh/ HTTP/1.1" 200 625
[17/Sep/2026 11:58:24] "GET /api/auth/me/ HTTP/1.1" 200 298
[17/Sep/2026 11:58:24] "GET /api/notifications/summary/ HTTP/1.1" 200 2233
[17/Sep/2026 11:58:36] "GET /api/leads/?page_size=500&ordering=-created_at HTTP/1.1" 200 77097
[17/Sep/2026 11:58:55] "GET /api/notifications/summary/ HTTP/1.1" 200 2233
[17/Sep/2026 11:59:25] "GET /api/notifications/summary/ HTTP/1.1" 200 2233
[17/Sep/2026 11:59:56] "GET /api/notifications/summary/ HTTP/1.1" 200 2233
[17/Sep/2026 12:00:27] "GET /api/notifications/summary/ HTTP/1.1" 200 2233
[17/Sep/2026 12:00:57] "GET /api/notifications/summary/ HTTP/1.1" 200 2233
[17/Sep/2026 12:01:28] "GET /api/notifications/summary/ HTTP/1.1" 200 2233
[17/Sep/2026 12:01:59] "GET /api/notifications/summary/ HTTP/1.1" 200 2233
[17/Sep/2026 12:02:29] "GET /api/notifications/summary/ HTTP/1.1" 200 2233
[17/Sep/2026 12:03:00] "GET /api/notifications/summary/ HTTP/1.1" 200 2233
[17/Sep/2026 12:03:31] "GET /api/notifications/summary/ HTTP/1.1" 200 2233
[17/Sep/2026 12:04:01] "GET /api/notifications/summary/ HTTP/1.1" 200 2233
[17/Sep/2026 12:04:32] "GET /api/notifications/summary/ HTTP/1.1" 200 2233
[17/Sep/2026 12:05:03] "GET /api/notifications/summary/ HTTP/1.1" 200 2233
[17/Sep/2026 12:05:33] "GET /api/notifications/summary/ HTTP/1.1" 200 2233
[17/Sep/2026 12:06:04] "GET /api/notifications/summary/ HTTP/1.1" 200 2233
[17/Sep/2026 12:06:34] "GET /api/notifications/summary/ HTTP/1.1" 200 2233
[17/Sep/2026 12:07:05] "GET /api/notifications/summary/ HTTP/1.1" 200 2233
[17/Sep/2026 12:07:36] "GET /api/notifications/summary/ HTTP/1.1" 200 2233
[17/Sep/2026 12:08:07] "GET /api/notifications/summary/ HTTP/1.1" 200 2233
[17/Sep/2026 12:08:39] "GET /api/notifications/summary/ HTTP/1.1" 200 2233
[17/Sep/2026 12:09:09] "GET /api/notifications/summary/ HTTP/1.1" 200 2233
[17/Sep/2026 12:09:40] "GET /api/notifications/summary/ HTTP/1.1" 200 2233
[17/Sep/2026 12:10:11] "GET /api/notifications/summary/ HTTP/1.1" 200 2233
[17/Sep/2026 12:10:41] "GET /api/notifications/summary/ HTTP/1.1" 200 2233
[17/Sep/2026 12:11:12] "GET /api/notifications/summary/ HTTP/1.1" 200 2233
[17/Sep/2026 12:11:43] "GET /api/notifications/summary/ HTTP/1.1" 200 2233
[17/Sep/2026 12:12:14] "GET /api/notifications/summary/ HTTP/1.1" 200 2233
[17/Sep/2026 12:12:44] "GET /api/notifications/summary/ HTTP/1.1" 200 2233
[17/Sep/2026 12:13:15] "GET /api/notifications/summary/ HTTP/1.1" 200 2233
Unauthorized: /api/notifications/summary/
[17/Sep/2026 12:13:45] "GET /api/notifications/summary/ HTTP/1.1" 401 172
[17/Sep/2026 12:13:46] "POST /api/auth/refresh/ HTTP/1.1" 200 625
[17/Sep/2026 12:13:47] "GET /api/auth/me/ HTTP/1.1" 200 298
[17/Sep/2026 12:13:47] "GET /api/notifications/summary/ HTTP/1.1" 200 2233
[17/Sep/2026 12:13:59] "GET /api/leads/?page_size=500&ordering=-created_at HTTP/1.1" 200 77097
[17/Sep/2026 12:14:18] "GET /api/notifications/summary/ HTTP/1.1" 200 2233
[17/Sep/2026 12:14:48] "GET /api/notifications/summary/ HTTP/1.1" 200 2233
[17/Sep/2026 12:15:19] "GET /api/notifications/summary/ HTTP/1.1" 200 2233
[17/Sep/2026 12:15:50] "GET /api/notifications/summary/ HTTP/1.1" 200 2233
[17/Sep/2026 12:16:20] "GET /api/notifications/summary/ HTTP/1.1" 200 2233
[17/Sep/2026 12:16:51] "GET /api/notifications/summary/ HTTP/1.1" 200 2233
[17/Sep/2026 12:17:22] "GET /api/notifications/summary/ HTTP/1.1" 200 2233
[17/Sep/2026 12:17:52] "GET /api/notifications/summary/ HTTP/1.1" 200 2233
[17/Sep/2026 12:18:23] "GET /api/notifications/summary/ HTTP/1.1" 200 2233
[17/Sep/2026 12:18:53] "GET /api/notifications/summary/ HTTP/1.1" 200 2233
[17/Sep/2026 12:19:24] "GET /api/notifications/summary/ HTTP/1.1" 200 2233
[17/Sep/2026 12:19:55] "GET /api/notifications/summary/ HTTP/1.1" 200 2233
[17/Sep/2026 12:20:25] "GET /api/notifications/summary/ HTTP/1.1" 200 2233
[17/Sep/2026 12:20:56] "GET /api/notifications/summary/ HTTP/1.1" 200 2233
[17/Sep/2026 12:21:27] "GET /api/notifications/summary/ HTTP/1.1" 200 2233
[17/Sep/2026 12:21:57] "GET /api/notifications/summary/ HTTP/1.1" 200 2233
[17/Sep/2026 12:22:28] "GET /api/notifications/summary/ HTTP/1.1" 200 2233
[17/Sep/2026 12:22:59] "GET /api/notifications/summary/ HTTP/1.1" 200 2233
[17/Sep/2026 12:23:29] "GET /api/notifications/summary/ HTTP/1.1" 200 2233
[17/Sep/2026 12:24:00] "GET /api/notifications/summary/ HTTP/1.1" 200 2233
Unauthorized: /api/notifications/summary/
[17/Sep/2026 12:24:20] "GET /api/notifications/summary/ HTTP/1.1" 401 172
[17/Sep/2026 12:24:21] "POST /api/auth/refresh/ HTTP/1.1" 200 625
[17/Sep/2026 12:24:22] "GET /api/auth/me/ HTTP/1.1" 200 298
[17/Sep/2026 12:24:22] "GET /api/notifications/summary/ HTTP/1.1" 200 2233
[17/Sep/2026 12:24:23] "GET /api/customers/?search=Komal+Chaurasiya&page_size=5 HTTP/1.1" 200 818
[17/Sep/2026 12:24:23] "GET /api/bookings/?search=Komal+Chaurasiya&page_size=5 HTTP/1.1" 200 374
[17/Sep/2026 12:24:23] "GET /api/leads/?search=Komal+Chaurasiya&page_size=5 HTTP/1.1" 200 805
[17/Sep/2026 12:24:31] "GET /api/notifications/summary/ HTTP/1.1" 200 2233
[17/Sep/2026 12:24:31] "GET /api/events/?search=Komal+Chaurasiya&page_size=5 HTTP/1.1" 200 1606
[17/Sep/2026 12:24:32] "GET /api/customers/?page_size=500 HTTP/1.1" 200 42836
[17/Sep/2026 12:24:32] "GET /api/payment-reminders/?page_size=500 HTTP/1.1" 200 52
[17/Sep/2026 12:24:32] "GET /api/bookings/?page_size=500 HTTP/1.1" 200 32625
[17/Sep/2026 12:24:32] "GET /api/payments/?page_size=500&ordering=-paid_at HTTP/1.1" 200 58141
[17/Sep/2026 12:24:34] "GET /api/leads/?page_size=500&ordering=-created_at HTTP/1.1" 200 77097
[17/Sep/2026 12:24:41] "GET /api/events/?page_size=500 HTTP/1.1" 200 427947
[17/Sep/2026 12:25:01] "GET /api/notifications/summary/ HTTP/1.1" 200 2233
[17/Sep/2026 12:25:23] "GET /api/notifications/summary/ HTTP/1.1" 200 2233
[17/Sep/2026 12:25:32] "GET /api/notifications/summary/ HTTP/1.1" 200 2233
[17/Sep/2026 12:25:54] "OPTIONS /api/customers/?page_size=500 HTTP/1.1" 200 0
[17/Sep/2026 12:25:54] "OPTIONS /api/bookings/?page_size=500 HTTP/1.1" 200 0
[17/Sep/2026 12:25:54] "OPTIONS /api/payments/?page_size=500&ordering=-paid_at HTTP/1.1" 200 0
[17/Sep/2026 12:25:54] "OPTIONS /api/payment-reminders/?page_size=500 HTTP/1.1" 200 0
[17/Sep/2026 12:25:54] "OPTIONS /api/events/?page_size=500 HTTP/1.1" 200 0
[17/Sep/2026 12:25:55] "GET /api/payment-reminders/?page_size=500 HTTP/1.1" 200 52
[17/Sep/2026 12:25:55] "GET /api/bookings/?page_size=500 HTTP/1.1" 200 32625
[17/Sep/2026 12:25:55] "GET /api/customers/?page_size=500 HTTP/1.1" 200 42836
[17/Sep/2026 12:25:56] "GET /api/payments/?page_size=500&ordering=-paid_at HTTP/1.1" 200 58141
[17/Sep/2026 12:26:02] "GET /api/notifications/summary/ HTTP/1.1" 200 2233
[17/Sep/2026 12:26:03] "GET /api/events/?page_size=500 HTTP/1.1" 200 427947
[17/Sep/2026 12:26:06] "GET /api/leads/?page_size=500&ordering=-created_at HTTP/1.1" 200 77097
[17/Sep/2026 12:26:33] "GET /api/notifications/summary/ HTTP/1.1" 200 2233
[17/Sep/2026 12:27:04] "GET /api/notifications/summary/ HTTP/1.1" 200 2233
[17/Sep/2026 12:27:34] "GET /api/notifications/summary/ HTTP/1.1" 200 2233
[17/Sep/2026 12:28:05] "GET /api/notifications/summary/ HTTP/1.1" 200 2233
[17/Sep/2026 12:28:36] "GET /api/notifications/summary/ HTTP/1.1" 200 2233
Unauthorized: /api/notifications/summary/
[17/Sep/2026 12:29:06] "GET /api/notifications/summary/ HTTP/1.1" 401 172
[17/Sep/2026 12:29:07] "POST /api/auth/refresh/ HTTP/1.1" 200 625
[17/Sep/2026 12:29:08] "GET /api/auth/me/ HTTP/1.1" 200 298
[17/Sep/2026 12:29:08] "GET /api/notifications/summary/ HTTP/1.1" 200 2233
[17/Sep/2026 12:29:19] "GET /api/leads/?page_size=500&ordering=-created_at HTTP/1.1" 200 77097
[17/Sep/2026 12:29:39] "GET /api/notifications/summary/ HTTP/1.1" 200 2233
[17/Sep/2026 12:30:09] "GET /api/notifications/summary/ HTTP/1.1" 200 2233
[17/Sep/2026 12:30:40] "GET /api/notifications/summary/ HTTP/1.1" 200 2233
[17/Sep/2026 12:31:10] "GET /api/notifications/summary/ HTTP/1.1" 200 2233
[17/Sep/2026 12:31:40] "OPTIONS /api/notifications/summary/ HTTP/1.1" 200 0
[17/Sep/2026 12:31:41] "GET /api/notifications/summary/ HTTP/1.1" 200 2233
[17/Sep/2026 12:32:09] "GET /api/notifications/summary/ HTTP/1.1" 200 2233
[17/Sep/2026 12:32:12] "GET /api/notifications/summary/ HTTP/1.1" 200 2233
[17/Sep/2026 12:32:42] "GET /api/notifications/summary/ HTTP/1.1" 200 2233
[17/Sep/2026 12:33:13] "GET /api/notifications/summary/ HTTP/1.1" 200 2233
[17/Sep/2026 12:33:44] "GET /api/notifications/summary/ HTTP/1.1" 200 2233
[17/Sep/2026 12:34:14] "GET /api/notifications/summary/ HTTP/1.1" 200 2233
[17/Sep/2026 12:34:45] "GET /api/notifications/summary/ HTTP/1.1" 200 2233
[17/Sep/2026 12:35:10] "GET /api/notifications/summary/ HTTP/1.1" 200 2233
[17/Sep/2026 12:35:16] "GET /api/notifications/summary/ HTTP/1.1" 200 2233
[17/Sep/2026 12:35:46] "GET /api/notifications/summary/ HTTP/1.1" 200 2233
[17/Sep/2026 12:36:17] "GET /api/notifications/summary/ HTTP/1.1" 200 2233
[17/Sep/2026 12:36:48] "GET /api/notifications/summary/ HTTP/1.1" 200 2233
[17/Sep/2026 12:37:18] "GET /api/notifications/summary/ HTTP/1.1" 200 2233
[17/Sep/2026 12:37:49] "GET /api/notifications/summary/ HTTP/1.1" 200 2233
[17/Sep/2026 12:38:20] "GET /api/notifications/summary/ HTTP/1.1" 200 2233
[17/Sep/2026 12:38:50] "GET /api/notifications/summary/ HTTP/1.1" 200 2233
[17/Sep/2026 12:39:21] "GET /api/notifications/summary/ HTTP/1.1" 200 2233
Unauthorized: /api/customers/
Unauthorized: /api/leads/
Unauthorized: /api/payments/
[17/Sep/2026 12:39:47] "GET /api/customers/?page_size=500 HTTP/1.1" 401 172
[17/Sep/2026 12:39:47] "GET /api/leads/?page_size=500&ordering=-created_at HTTP/1.1" 401 172
Unauthorized: /api/bookings/
[17/Sep/2026 12:39:47] "GET /api/payments/?page_size=500&ordering=-paid_at HTTP/1.1" 401 172
Unauthorized: /api/events/
[17/Sep/2026 12:39:47] "GET /api/bookings/?page_size=500 HTTP/1.1" 401 172
Unauthorized: /api/payment-reminders/
[17/Sep/2026 12:39:47] "GET /api/events/?page_size=500 HTTP/1.1" 401 172
[17/Sep/2026 12:39:47] "GET /api/payment-reminders/?page_size=500 HTTP/1.1" 401 172
[17/Sep/2026 12:39:47] "GET /api/customers/?page_size=500 HTTP/1.1" 200 42836
[17/Sep/2026 12:39:47] "GET /api/payment-reminders/?page_size=500 HTTP/1.1" 200 52
[17/Sep/2026 12:39:47] "GET /api/bookings/?page_size=500 HTTP/1.1" 200 32625
[17/Sep/2026 12:39:48] "GET /api/payments/?page_size=500&ordering=-paid_at HTTP/1.1" 200 58141
[17/Sep/2026 12:39:48] "POST /api/auth/refresh/ HTTP/1.1" 200 625
[17/Sep/2026 12:39:49] "GET /api/auth/me/ HTTP/1.1" 200 298
[17/Sep/2026 12:39:49] "GET /api/bookings/?page_size=500 HTTP/1.1" 200 32625
[17/Sep/2026 12:39:49] "GET /api/customers/?page_size=500 HTTP/1.1" 200 42836
[17/Sep/2026 12:39:49] "GET /api/payments/?page_size=500&ordering=-paid_at HTTP/1.1" 200 58141
[17/Sep/2026 12:39:50] "GET /api/payment-reminders/?page_size=500 HTTP/1.1" 200 52
[17/Sep/2026 12:39:50] "GET /api/customers/?search=Komal+Chaurasiya&page_size=5 HTTP/1.1" 200 818
[17/Sep/2026 12:39:50] "GET /api/leads/?search=Komal+Chaurasiya&page_size=5 HTTP/1.1" 200 805
[17/Sep/2026 12:39:50] "GET /api/bookings/?search=Komal+Chaurasiya&page_size=5 HTTP/1.1" 200 374
[17/Sep/2026 12:39:52] "GET /api/notifications/summary/ HTTP/1.1" 200 2233
[17/Sep/2026 12:39:56] "GET /api/events/?page_size=500 HTTP/1.1" 200 427947
[17/Sep/2026 12:39:58] "GET /api/events/?page_size=500 HTTP/1.1" 200 427947
[17/Sep/2026 12:39:59] "GET /api/events/?search=Komal+Chaurasiya&page_size=5 HTTP/1.1" 200 1606
[17/Sep/2026 12:40:02] "GET /api/leads/?page_size=500&ordering=-created_at HTTP/1.1" 200 77097
[17/Sep/2026 12:40:03] "GET /api/leads/?page_size=500&ordering=-created_at HTTP/1.1" 200 77097
[17/Sep/2026 12:40:11] "GET /api/notifications/summary/ HTTP/1.1" 200 2233
[17/Sep/2026 12:40:22] "GET /api/notifications/summary/ HTTP/1.1" 200 2233
[17/Sep/2026 12:40:42] "GET /api/notifications/summary/ HTTP/1.1" 200 2233
[17/Sep/2026 12:40:53] "GET /api/notifications/summary/ HTTP/1.1" 200 2233
[17/Sep/2026 12:41:23] "GET /api/notifications/summary/ HTTP/1.1" 200 2233
[17/Sep/2026 12:41:54] "GET /api/notifications/summary/ HTTP/1.1" 200 2233
[17/Sep/2026 12:42:25] "GET /api/notifications/summary/ HTTP/1.1" 200 2233
[17/Sep/2026 12:42:55] "GET /api/notifications/summary/ HTTP/1.1" 200 2233
[17/Sep/2026 12:43:26] "GET /api/notifications/summary/ HTTP/1.1" 200 2233
[17/Sep/2026 12:43:57] "GET /api/notifications/summary/ HTTP/1.1" 200 2233
[17/Sep/2026 12:44:12] "GET /api/notifications/summary/ HTTP/1.1" 200 2233
Unauthorized: /api/notifications/summary/
[17/Sep/2026 12:44:27] "GET /api/notifications/summary/ HTTP/1.1" 401 172
[17/Sep/2026 12:44:28] "POST /api/auth/refresh/ HTTP/1.1" 200 625
[17/Sep/2026 12:44:28] "OPTIONS /api/auth/me/ HTTP/1.1" 200 0
[17/Sep/2026 12:44:28] "OPTIONS /api/leads/?page_size=500&ordering=-created_at HTTP/1.1" 200 0
[17/Sep/2026 12:44:29] "GET /api/auth/me/ HTTP/1.1" 200 298
[17/Sep/2026 12:44:29] "GET /api/notifications/summary/ HTTP/1.1" 200 2233
[17/Sep/2026 12:44:44] "GET /api/leads/?page_size=500&ordering=-created_at HTTP/1.1" 200 77097
[17/Sep/2026 12:45:00] "GET /api/notifications/summary/ HTTP/1.1" 200 2233
[17/Sep/2026 12:45:30] "GET /api/notifications/summary/ HTTP/1.1" 200 2233
[17/Sep/2026 12:46:01] "GET /api/notifications/summary/ HTTP/1.1" 200 2233
[17/Sep/2026 12:46:32] "GET /api/notifications/summary/ HTTP/1.1" 200 2233
[17/Sep/2026 12:47:02] "GET /api/notifications/summary/ HTTP/1.1" 200 2233
[17/Sep/2026 12:47:33] "GET /api/notifications/summary/ HTTP/1.1" 200 2233
[17/Sep/2026 12:48:04] "GET /api/notifications/summary/ HTTP/1.1" 200 2233
[17/Sep/2026 12:48:34] "GET /api/notifications/summary/ HTTP/1.1" 200 2233
[17/Sep/2026 12:48:42] "OPTIONS /api/production/?page_size=200&ordering=due_date,id HTTP/1.1" 200 0
[17/Sep/2026 12:48:42] "OPTIONS /api/bookings/?page_size=500&ordering=-event_date HTTP/1.1" 200 0
[17/Sep/2026 12:48:42] "OPTIONS /api/customers/?page_size=500 HTTP/1.1" 200 0
[17/Sep/2026 12:48:42] "OPTIONS /api/production/activity-history/ HTTP/1.1" 200 0
[17/Sep/2026 12:48:42] "OPTIONS /api/production/editors/ HTTP/1.1" 200 0
[17/Sep/2026 12:48:42] "OPTIONS /api/production/editors/ HTTP/1.1" 200 0
[17/Sep/2026 12:48:42] "OPTIONS /api/notifications/summary/ HTTP/1.1" 200 0
[17/Sep/2026 12:48:42] "GET /api/production/editors/ HTTP/1.1" 200 676
[17/Sep/2026 12:48:42] "GET /api/bookings/?page_size=500&ordering=-event_date HTTP/1.1" 200 32625
[17/Sep/2026 12:48:42] "GET /api/customers/?page_size=500 HTTP/1.1" 200 42836
[17/Sep/2026 12:48:43] "GET /api/notifications/summary/ HTTP/1.1" 200 2233
[17/Sep/2026 12:48:43] "GET /api/production/editors/ HTTP/1.1" 200 676
[17/Sep/2026 12:48:44] "GET /api/production/activity-history/ HTTP/1.1" 200 7567
[17/Sep/2026 12:48:45] "OPTIONS /api/payment-reminders/?page_size=500 HTTP/1.1" 200 0
[17/Sep/2026 12:48:45] "OPTIONS /api/events/?page_size=500 HTTP/1.1" 200 0
[17/Sep/2026 12:48:45] "OPTIONS /api/payments/?page_size=500&ordering=-paid_at HTTP/1.1" 200 0
[17/Sep/2026 12:48:45] "OPTIONS /api/leads/?page_size=500&ordering=-created_at HTTP/1.1" 200 0
[17/Sep/2026 12:48:45] "GET /api/payment-reminders/?page_size=500 HTTP/1.1" 200 52
[17/Sep/2026 12:48:46] "GET /api/payments/?page_size=500&ordering=-paid_at HTTP/1.1" 200 58141
[17/Sep/2026 12:48:49] "GET /api/production/?page_size=200&ordering=due_date,id HTTP/1.1" 200 23601
[17/Sep/2026 12:48:55] "GET /api/events/?page_size=500 HTTP/1.1" 200 427947
[17/Sep/2026 12:48:58] "GET /api/leads/?page_size=500&ordering=-created_at HTTP/1.1" 200 77097
[17/Sep/2026 12:49:05] "GET /api/notifications/summary/ HTTP/1.1" 200 2233
[17/Sep/2026 12:49:13] "GET /api/notifications/summary/ HTTP/1.1" 200 2233
[17/Sep/2026 12:49:26] "OPTIONS /api/client-portal/access/?booking=213 HTTP/1.1" 200 0
[17/Sep/2026 12:49:27] "GET /api/client-portal/access/?booking=213 HTTP/1.1" 200 161
[17/Sep/2026 12:49:36] "GET /api/notifications/summary/ HTTP/1.1" 200 2233
[17/Sep/2026 12:49:44] "GET /api/notifications/summary/ HTTP/1.1" 200 2233
[17/Sep/2026 12:50:07] "GET /api/notifications/summary/ HTTP/1.1" 200 2233
[17/Sep/2026 12:50:15] "GET /api/notifications/summary/ HTTP/1.1" 200 2233
[17/Sep/2026 12:50:37] "GET /api/notifications/summary/ HTTP/1.1" 200 2233
[17/Sep/2026 12:50:45] "GET /api/notifications/summary/ HTTP/1.1" 200 2233
[17/Sep/2026 12:51:08] "GET /api/notifications/summary/ HTTP/1.1" 200 2233
[17/Sep/2026 12:51:39] "GET /api/notifications/summary/ HTTP/1.1" 200 2233
[17/Sep/2026 12:52:09] "GET /api/notifications/summary/ HTTP/1.1" 200 2233
[17/Sep/2026 12:52:40] "GET /api/notifications/summary/ HTTP/1.1" 200 2233
[17/Sep/2026 12:53:11] "GET /api/notifications/summary/ HTTP/1.1" 200 2233
[17/Sep/2026 12:53:41] "GET /api/notifications/summary/ HTTP/1.1" 200 2233
[17/Sep/2026 12:54:12] "GET /api/notifications/summary/ HTTP/1.1" 200 2233
[17/Sep/2026 12:54:16] "GET /api/notifications/summary/ HTTP/1.1" 200 2233
[17/Sep/2026 12:54:43] "GET /api/notifications/summary/ HTTP/1.1" 200 2233
[17/Sep/2026 12:54:47] "GET /api/notifications/summary/ HTTP/1.1" 200 2233
[17/Sep/2026 12:55:02] "OPTIONS /api/client-portal/access/?booking=227 HTTP/1.1" 200 0
Unauthorized: /api/client-portal/access/
[17/Sep/2026 12:55:02] "GET /api/client-portal/access/?booking=227 HTTP/1.1" 401 172
[17/Sep/2026 12:55:02] "OPTIONS /api/auth/refresh/ HTTP/1.1" 200 0
[17/Sep/2026 12:55:04] "POST /api/auth/refresh/ HTTP/1.1" 200 625
[17/Sep/2026 12:55:04] "OPTIONS /api/auth/me/ HTTP/1.1" 200 0
[17/Sep/2026 12:55:04] "GET /api/auth/me/ HTTP/1.1" 200 298
[17/Sep/2026 12:55:04] "GET /api/client-portal/access/?booking=227 HTTP/1.1" 200 161
[17/Sep/2026 12:55:13] "GET /api/notifications/summary/ HTTP/1.1" 200 2233
[17/Sep/2026 12:55:17] "GET /api/leads/?page_size=500&ordering=-created_at HTTP/1.1" 200 77097
[17/Sep/2026 12:55:44] "GET /api/notifications/summary/ HTTP/1.1" 200 2233
[17/Sep/2026 12:56:14] "GET /api/notifications/summary/ HTTP/1.1" 200 2233
[17/Sep/2026 12:56:45] "GET /api/notifications/summary/ HTTP/1.1" 200 2233
[17/Sep/2026 12:57:16] "GET /api/notifications/summary/ HTTP/1.1" 200 2233
[17/Sep/2026 12:57:19] "OPTIONS /api/client-portal/access/?booking=227 HTTP/1.1" 200 0
[17/Sep/2026 12:57:19] "GET /api/client-portal/access/?booking=227 HTTP/1.1" 200 161
[17/Sep/2026 12:57:34] "OPTIONS /api/client-portal/access/ HTTP/1.1" 200 0
[17/Sep/2026 12:57:35] "POST /api/client-portal/access/ HTTP/1.1" 200 150
[17/Sep/2026 12:57:36] "GET /api/notifications/summary/ HTTP/1.1" 200 2233
[17/Sep/2026 12:57:36] "GET /api/customers/?page_size=500 HTTP/1.1" 200 42836
[17/Sep/2026 12:57:36] "GET /api/payments/?page_size=500&ordering=-paid_at HTTP/1.1" 200 58141
[17/Sep/2026 12:57:36] "GET /api/bookings/?page_size=500 HTTP/1.1" 200 32625
[17/Sep/2026 12:57:37] "GET /api/payment-reminders/?page_size=500 HTTP/1.1" 200 52
[17/Sep/2026 12:57:45] "GET /api/events/?page_size=500 HTTP/1.1" 200 427947
[17/Sep/2026 12:57:49] "GET /api/leads/?page_size=500&ordering=-created_at HTTP/1.1" 200 77097
[17/Sep/2026 12:58:03] "GET /api/client-portal/5iG4t6dJsEro0dj2-NbSNH96bculiwrFH2cACGsfdyE/ HTTP/1.1" 200 2676
[17/Sep/2026 12:58:07] "GET /api/notifications/summary/ HTTP/1.1" 200 2233
[17/Sep/2026 12:58:37] "GET /api/notifications/summary/ HTTP/1.1" 200 2233
[17/Sep/2026 12:58:47] "OPTIONS /api/client-portal/5iG4t6dJsEro0dj2-NbSNH96bculiwrFH2cACGsfdyE/ HTTP/1.1" 200 0
[17/Sep/2026 12:58:48] "GET /api/client-portal/5iG4t6dJsEro0dj2-NbSNH96bculiwrFH2cACGsfdyE/ HTTP/1.1" 200 2676
[17/Sep/2026 13:02:06] "GET /api/notifications/summary/ HTTP/1.1" 200 2233
[17/Sep/2026 13:02:33] "GET /api/client-portal/5iG4t6dJsEro0dj2-NbSNH96bculiwrFH2cACGsfdyE/ HTTP/1.1" 200 2676
[17/Sep/2026 13:02:36] "GET /api/notifications/summary/ HTTP/1.1" 200 2233
[17/Sep/2026 13:03:07] "GET /api/notifications/summary/ HTTP/1.1" 200 2233
[17/Sep/2026 13:03:23] "GET /api/client-portal/access/?booking=227 HTTP/1.1" 200 812
[17/Sep/2026 13:03:29] "GET /api/client-portal/eyJhY2Nlc3NfaWQiOjE5LCJwdXJwb3NlIjoic3RhZmYtcHJldmlldyJ9%3A1x76cU%3AClgQQJLz1OGy8MYGsXG734sB2JtpCPtOetLpFGTtKC4/ HTTP/1.1" 200 2675
[17/Sep/2026 13:06:16] "OPTIONS /api/client-portal/5iG4t6dJsEro0dj2-NbSNH96bculiwrFH2cACGsfdyE/ HTTP/1.1" 200 0
[17/Sep/2026 13:06:17] "GET /api/client-portal/5iG4t6dJsEro0dj2-NbSNH96bculiwrFH2cACGsfdyE/ HTTP/1.1" 200 2676
Unauthorized: /api/notifications/summary/
[17/Sep/2026 13:07:07] "GET /api/notifications/summary/ HTTP/1.1" 401 172
[17/Sep/2026 13:07:07] "OPTIONS /api/auth/refresh/ HTTP/1.1" 200 0
[17/Sep/2026 13:07:09] "POST /api/auth/refresh/ HTTP/1.1" 200 625
[17/Sep/2026 13:07:10] "GET /api/auth/me/ HTTP/1.1" 200 298
[17/Sep/2026 13:07:10] "GET /api/notifications/summary/ HTTP/1.1" 200 2233
[17/Sep/2026 13:07:14] "GET /api/client-portal/5iG4t6dJsEro0dj2-NbSNH96bculiwrFH2cACGsfdyE/ HTTP/1.1" 200 2676
[17/Sep/2026 13:07:22] "OPTIONS /api/sales-targets/ HTTP/1.1" 200 0
[17/Sep/2026 13:07:22] "OPTIONS /api/events/?page_size=5000&ordering=start_date,start_time,id HTTP/1.1" 200 0
[17/Sep/2026 13:07:22] "OPTIONS /api/photographers/?page_size=500 HTTP/1.1" 200 0
[17/Sep/2026 13:07:22,943] - Broken pipe from ('127.0.0.1', 50751)
[17/Sep/2026 13:07:22] "GET /api/auth/me/ HTTP/1.1" 200 298
[17/Sep/2026 13:07:23] "GET /api/notifications/summary/ HTTP/1.1" 200 2233
[17/Sep/2026 13:07:23] "GET /api/sales-targets/ HTTP/1.1" 200 957
[17/Sep/2026 13:07:23] "GET /api/bookings/?page_size=500 HTTP/1.1" 200 32625
[17/Sep/2026 13:07:23] "GET /api/photographers/?page_size=500 HTTP/1.1" 200 18896
[17/Sep/2026 13:07:31] "GET /api/events/?page_size=5000&ordering=start_date,start_time,id HTTP/1.1" 200 999676
[17/Sep/2026 13:07:35] "GET /api/leads/?page_size=500&ordering=-created_at HTTP/1.1" 200 77097
[17/Sep/2026 13:08:14] "GET /api/client-portal/5iG4t6dJsEro0dj2-NbSNH96bculiwrFH2cACGsfdyE/ HTTP/1.1" 200 2676
[17/Sep/2026 13:10:17] "GET /api/client-portal/5iG4t6dJsEro0dj2-NbSNH96bculiwrFH2cACGsfdyE/ HTTP/1.1" 200 2676
[17/Sep/2026 13:10:43] "GET /api/client-portal/5iG4t6dJsEro0dj2-NbSNH96bculiwrFH2cACGsfdyE/ HTTP/1.1" 200 2676
[17/Sep/2026 13:11:17] "GET /api/client-portal/5iG4t6dJsEro0dj2-NbSNH96bculiwrFH2cACGsfdyE/ HTTP/1.1" 200 2676
[17/Sep/2026 13:12:52] "GET /api/client-portal/5iG4t6dJsEro0dj2-NbSNH96bculiwrFH2cACGsfdyE/ HTTP/1.1" 200 2676
[17/Sep/2026 13:14:50] "GET /api/client-portal/5iG4t6dJsEro0dj2-NbSNH96bculiwrFH2cACGsfdyE/ HTTP/1.1" 200 2676
[17/Sep/2026 13:14:56] "GET /api/client-portal/5iG4t6dJsEro0dj2-NbSNH96bculiwrFH2cACGsfdyE/ HTTP/1.1" 200 2676
